BASE_YM,HNDE_BANK_RPTV_CODE,OPENBANK_RPTV_CODE,FND_TPCD,TRAN_AMT
202107,144,116,4,12275000
202107,144,110,4,9997000
202107,144,130,4,40118000
202107,144,153,4,8151000
202107,144,122,4,1650000
202107,144,142,4,42129000
202107,144,114,0,8540000
202107,144,143,4,6846000
202107,144,138,4,13286000
202107,144,156,4,16621000
202107,144,109,4,30094000
202107,144,140,4,615000
202107,144,107,4,180000
202107,144,136,4,290000
202107,144,115,4,600000
202107,144,161,0,70000
202107,144,135,0,6670000
202107,144,157,4,100000
202107,144,111,4,140000
202107,144,150,4,130595000
202107,144,134,4,380367000
202107,144,100,4,181451000
202107,144,160,4,152720000
202107,144,148,4,294397000
202107,144,111,0,2109826000
202107,144,125,0,59569565000
202107,144,101,0,1533075000
202107,144,120,0,13576310000
202107,144,106,0,1924477000
202107,144,140,0,4525136000
202107,144,150,0,221961984000
202107,144,103,0,1545408621000
202107,144,131,0,50648852000
202107,144,156,0,64351637000
202107,144,134,0,618411703000
202107,144,129,0,1033198476000
202107,144,113,0,718603092000
202107,144,102,0,288638122000
202107,144,141,0,36923917000
202107,144,126,0,77105111000
202107,144,153,0,1063978348000
202107,144,133,0,9392502000
202107,144,143,0,23763777000
202107,144,136,0,128574879000
202107,144,113,4,152213000
202107,144,122,0,53009939000
202107,144,127,0,2870445000
202107,144,138,0,35868038000
202107,144,110,0,6025600000
202107,144,118,0,435356516000
202107,144,151,0,1802963963000
202107,144,147,0,4780735000
202107,144,104,0,2130984000
202107,144,123,0,227617000
202107,144,155,0,51230869000
202107,144,130,0,74093692000
202107,144,132,0,56935306000
202107,144,160,0,489510819000
202107,144,115,0,506139450000
202107,144,141,4,55228000
202107,144,117,0,9686586000
202107,144,109,0,66681551000
202107,144,154,0,83375890000
202107,144,152,0,571936381000
202107,144,129,4,509210000
202107,144,103,4,44291000
202107,144,151,4,30115000
202107,144,107,0,36651938000
202107,144,102,4,264475000
202107,144,116,0,39765267000
202107,144,146,0,560357000
202107,144,112,0,25373832000
202107,144,100,0,186227389000
202107,144,148,0,525482909000
202107,144,149,0,661812563000
202107,144,142,0,71793484000
202107,144,145,0,1197112000
202107,144,157,0,14144506000
202107,144,159,0,9979123000
202107,144,104,4,24455000
202107,144,101,4,4680000
202107,144,118,4,30301000
202107,144,112,4,21004000
202107,144,132,4,45824000
202107,144,149,4,361259000
202107,144,131,4,35125000
202107,144,126,4,60603000
202107,144,155,4,100400000
202107,144,152,4,257392000
202108,144,135,0,5900000
202108,144,161,0,500000
202108,144,139,0,120000
202108,144,112,0,35545190000
202108,144,151,0,653919690000
202108,144,111,4,40000
202108,144,109,0,55026741000
202108,144,126,0,74198521000
202108,144,100,0,184159062000
202108,144,130,0,49655631000
202108,144,150,0,267108300000
202108,144,142,0,75273607000
202108,144,160,0,547099384000
202108,144,134,0,664639498000
202108,144,152,0,671231368000
202108,144,149,0,695369886000
202108,144,103,0,1032662082000
202108,144,118,0,1888561490000
202108,144,154,0,232298411000
202108,144,114,0,3580000
202108,144,137,0,522000
202108,144,140,4,615000
202108,144,121,0,2313000
202108,144,102,0,267683149000
202108,144,141,0,37323562000
202108,144,160,4,182130000
202108,144,100,4,180988000
202108,144,150,4,136160000
202108,144,148,4,370696000
202108,144,155,4,103375000
202108,144,113,4,162774000
202108,144,129,4,497131000
202108,144,153,4,10251000
202108,144,136,4,250000
202108,144,120,0,18105030000
202108,144,123,0,654503000
202108,144,125,0,104154101000
202108,144,146,0,642647000
202108,144,147,0,10406540000
202108,144,107,0,13899744000
202108,144,138,0,70570870000
202108,144,145,0,948819000
202108,144,149,4,376245000
202108,144,134,4,458247000
202108,144,141,4,55182000
202108,144,138,4,21016000
202108,144,112,4,23344000
202108,144,122,0,93534250000
202108,144,152,4,305388000
202108,144,151,4,30889000
202108,144,102,4,252228000
202108,144,130,4,52538000
202108,144,157,0,19602731000
202108,144,109,4,37279000
202108,144,133,0,8571944000
202108,144,132,4,56295000
202108,144,126,4,64104000
202108,144,104,4,22605000
202108,144,101,4,4680000
202108,144,101,0,1652427000
202108,144,143,4,16621000
202108,144,131,4,55807000
202108,144,143,0,20420596000
202108,144,132,0,76003187000
202108,144,113,0,793494234000
202108,144,148,0,558593707000
202108,144,129,0,990651267000
202108,144,153,0,595158161000
202108,144,140,0,6533416000
202108,144,115,0,93245007000
202108,144,156,0,97251591000
202108,144,116,0,42168512000
202108,144,104,0,2831158000
202108,144,110,0,8329919000
202108,144,131,0,52063851000
202108,144,155,0,51190473000
202108,144,159,0,10430290000
202108,144,136,0,557694124000
202108,144,117,0,24702711000
202108,144,108,0,50150000
202108,144,122,4,750000
202108,144,115,4,2600000
202108,144,106,0,7839331000
202108,144,127,0,1644545000
202108,144,107,4,380000
202108,144,157,4,600000
202108,144,118,4,91694000
202108,144,125,4,200000
202108,144,103,4,30021000
202108,144,116,4,19065000
202108,144,156,4,18732000
202108,144,142,4,55498000
202108,144,111,0,3851048000
202108,144,110,4,5547000
202109,144,140,4,615000
202109,144,161,0,20000
202109,144,116,4,11905000
202109,144,114,0,3290000
202109,144,156,4,16018000
202109,144,157,4,350000
202109,144,101,4,4680000
202109,144,135,0,48983000
202109,144,137,0,478000
202109,144,139,0,32780000
202109,144,111,4,140000
202109,144,105,0,61000
202109,144,160,0,470850370000
202109,144,100,0,177394291000
202109,144,126,0,65417926000
202109,144,151,0,826087555000
202109,144,110,0,6271302000
202109,144,146,0,269041000
202109,144,102,0,310990327000
202109,144,104,0,3851141000
202109,144,143,0,21073591000
202109,144,130,0,59043612000
202109,144,109,0,56511377000
202109,144,153,0,353186897000
202109,144,112,0,29884831000
202109,144,103,0,1050465403000
202109,144,150,0,208134784000
202109,144,136,0,599137990000
202109,144,141,0,28494899000
202109,144,120,0,19180422000
202109,144,138,0,38250425000
202109,144,159,0,9921860000
202109,144,118,0,1390182703000
202109,144,156,0,121434155000
202109,144,155,0,48918032000
202109,144,116,0,36163785000
202109,144,129,0,1022785637000
202109,144,113,0,658095147000
202109,144,142,0,63692365000
202109,144,152,0,548975812000
202109,144,134,0,534720396000
202109,144,149,0,514130187000
202109,144,132,0,66467830000
202109,144,131,0,48346830000
202109,144,148,0,462526731000
202109,144,140,0,7819579000
202109,144,107,0,19047191000
202109,144,157,0,28833758000
202109,144,133,0,272981378000
202109,144,115,0,395804649000
202109,144,101,0,1476715000
202109,144,122,0,12124581000
202109,144,125,0,157814453000
202109,144,145,0,793467000
202109,144,117,0,46760588000
202109,144,154,0,421417490000
202109,144,111,0,5366862000
202109,144,123,0,529142000
202109,144,110,4,10457000
202109,144,122,4,1670000
202109,144,112,4,22154000
202109,144,138,4,16136000
202109,144,136,4,290000
202109,144,113,4,159908000
202109,144,151,4,132201000
202109,144,130,4,46268000
202109,144,134,4,420765000
202109,144,132,4,53480000
202109,144,109,4,40857000
202109,144,127,0,971107000
202109,144,152,4,279540000
202109,144,129,4,454368000
202109,144,155,4,97875000
202109,144,118,4,136172000
202109,144,149,4,357635000
202109,144,103,4,32101000
202109,144,153,4,10141000
202109,144,100,4,180898000
202109,144,150,4,136367000
202109,144,104,4,22955000
202109,144,126,4,61736000
202109,144,148,4,332992000
202109,144,102,4,249313000
202109,144,131,4,36577000
202109,144,160,4,167729000
202109,144,106,0,25404336000
202109,144,147,0,4232509000
202109,144,107,4,280000
202109,144,143,4,10916000
202109,144,115,4,1600000
202109,144,141,4,51172000
202109,144,142,4,46742000
202110,144,111,4,140000
202110,144,157,4,100000
202110,144,115,4,600000
202110,144,114,0,4760000
202110,144,135,0,322610000
202110,144,107,0,12054744000
202110,144,120,0,14417063000
202110,144,115,0,90541748000
202110,144,146,0,178529000
202110,144,156,0,209564920000
202110,144,145,0,1977874000
202110,144,106,0,2758424000
202110,144,123,0,183740000
202110,144,155,4,84793000
202110,144,102,4,266663000
202110,144,100,4,157482000
202110,144,160,4,147216000
202110,144,103,4,34540000
202110,144,149,4,374412000
202110,144,109,4,37988000
202110,144,131,4,33045000
202110,144,147,0,2445707000
202110,144,117,0,160553472000
202110,144,111,0,1542857000
202110,144,101,0,1162791000
202110,144,122,0,7943115000
202110,144,125,0,57599529000
202110,144,140,0,6821108000
202110,144,142,0,55878608000
202110,144,155,0,41059163000
202110,144,126,0,59416973000
202110,144,141,0,19222653000
202110,144,112,0,21631289000
202110,144,116,0,24482492000
202110,144,153,0,125292419000
202110,144,132,0,60364726000
202110,144,134,0,482604789000
202110,144,149,0,498705636000
202110,144,129,0,830415408000
202110,144,139,0,193807961000
202110,144,148,0,410710770000
202110,144,131,0,40065339000
202110,144,103,0,921509448000
202110,144,113,0,637910441000
202110,144,100,0,133167363000
202110,144,160,0,409728437000
202110,144,118,0,950149042000
202110,144,152,0,468934008000
202110,144,109,0,46206750000
202110,144,150,0,179792862000
202110,144,154,0,75984699000
202110,144,130,0,45053945000
202110,144,104,0,2977177000
202110,144,159,0,12033262000
202110,144,102,0,220420491000
202110,144,138,0,39501092000
202110,144,110,0,5777584000
202110,144,136,0,1079423599000
202110,144,157,0,6898297000
202110,144,143,0,16856456000
202110,144,133,0,51322920000
202110,144,151,0,697846905000
202110,144,132,4,58885000
202110,144,101,4,4330000
202110,144,130,4,35104000
202110,144,107,4,180000
202110,144,137,0,511000
202110,144,140,4,615000
202110,144,136,4,290000
202110,144,143,4,7226000
202110,144,122,4,1680000
202110,144,116,4,8985000
202110,144,110,4,5847000
202110,144,112,4,20264000
202110,144,138,4,12163000
202110,144,151,4,28025000
202110,144,153,4,7880000
202110,144,142,4,41028000
202110,144,152,4,258978000
202110,144,113,4,140762000
202110,144,134,4,383935000
202110,144,129,4,413830000
202110,144,127,0,1021198000
202110,144,150,4,122509000
202110,144,141,4,47412000
202110,144,148,4,304149000
202110,144,118,4,158582000
202110,144,126,4,62379000
202110,144,156,4,15138000
202110,144,104,4,21405000
202111,144,137,0,898000
202111,144,121,0,7110000
202111,144,140,4,115000
202111,144,135,0,69654000
202111,144,111,4,140000
202111,144,122,4,1680000
202111,144,104,4,21755000
202111,144,117,0,23711269000
202111,144,157,0,14012886000
202111,144,101,4,4030000
202111,144,101,0,1704550000
202111,144,107,4,380000
202111,144,123,0,199758000
202111,144,145,0,779080000
202111,144,103,4,31000000
202111,144,159,0,16476820000
202111,144,147,0,8051234000
202111,144,157,4,600000
202111,144,142,4,49091000
202111,144,160,4,169135000
202111,144,132,4,65097000
202111,144,126,4,61519000
202111,144,152,4,291519000
202111,144,112,4,23014000
202111,144,151,4,37795000
202111,144,131,4,42185000
202111,144,149,4,368035000
202111,144,141,4,45302000
202111,144,118,4,63297000
202111,144,154,0,88453227000
202111,144,156,0,195486107000
202111,144,160,0,461340183000
202111,144,102,0,188165233000
202111,144,127,0,1432544000
202111,144,115,4,2600000
202111,144,110,4,3527000
202111,144,138,4,16736000
202111,144,102,4,270030000
202111,144,155,4,99869000
202111,144,129,4,528004000
202111,144,100,4,162003000
202111,144,109,4,41237000
202111,144,150,4,143750000
202111,144,148,4,380122000
202111,144,134,4,462761000
202111,144,113,4,148060000
202111,144,130,4,41794000
202111,144,107,0,15730035000
202111,144,140,0,5884476000
202111,144,130,0,54404781000
202111,144,125,0,27950029000
202111,144,110,0,8612971000
202111,144,106,0,5323442000
202111,144,122,0,10464964000
202111,144,148,0,460548610000
202111,144,115,0,200788883000
202111,144,100,0,137033005000
202111,144,131,0,45493885000
202111,144,126,0,68697738000
202111,144,132,0,76522293000
202111,144,146,0,257629000
202111,144,120,0,7985638000
202111,144,109,0,46343988000
202111,144,143,0,22728128000
202111,144,118,0,1076867833000
202111,144,138,0,31174473000
202111,144,116,0,29074939000
202111,144,104,0,4043182000
202111,144,155,0,41127459000
202111,144,141,0,27263615000
202111,144,133,0,96795310000
202111,144,149,0,575729252000
202111,144,134,0,632274222000
202111,144,113,0,758847693000
202111,144,152,0,554231089000
202111,144,139,0,461339566000
202111,144,150,0,209353645000
202111,144,129,0,1182601006000
202111,144,103,0,1683266822000
202111,144,156,4,17938000
202111,144,143,4,16396000
202111,144,116,4,16117000
202111,144,153,4,10480000
202111,144,136,4,300000
202111,144,142,0,64827859000
202111,144,111,0,9802361000
202111,144,151,0,286844073000
202111,144,136,0,806218001000
202111,144,112,0,23282411000
202111,144,153,0,592230493000
202112,144,157,4,350000
202112,144,125,4,100000
202112,144,111,4,140000
202112,144,115,4,1600000
202112,144,137,0,192000
202112,144,101,4,3680000
202112,144,148,4,334263000
202112,144,102,4,265972000
202112,144,129,4,474355000
202112,144,134,4,425385000
202112,144,133,0,23514731000
202112,144,106,0,7894890000
202112,144,140,0,22350792000
202112,144,155,4,109508000
202112,144,130,4,36904000
202112,144,131,4,36115000
202112,144,143,4,11536000
202112,144,116,4,14177000
202112,144,103,4,33250000
202112,144,109,4,32974000
202112,144,150,4,120779000
202112,144,149,4,374379000
202112,144,127,0,2786536000
202112,144,135,0,32520000
202112,144,141,4,39098000
202112,144,156,4,30458000
202112,144,120,0,12008371000
202112,144,121,0,7972000
202112,144,104,4,20255000
202112,144,118,4,26118000
202112,144,113,4,151951000
202112,144,152,4,290389000
202112,144,126,4,53278000
202112,144,100,4,152852000
202112,144,142,4,43542000
202112,144,151,4,36225000
202112,144,138,4,12506000
202112,144,132,4,61724000
202112,144,136,4,310000
202112,144,112,4,20874000
202112,144,153,4,6120000
202112,144,110,4,3877000
202112,144,160,4,156992000
202112,144,147,0,2431876000
202112,144,107,4,280000
202112,144,122,4,5620000
202112,144,140,4,615000
202112,144,131,0,39305084000
202112,144,103,0,1241546727000
202112,144,155,0,29721224000
202112,144,142,0,52944492000
202112,144,118,0,289059896000
202112,144,152,0,469291931000
202112,144,160,0,367944173000
202112,144,116,0,14698923000
202112,144,143,0,16302260000
202112,144,146,0,219862000
202112,144,132,0,57982692000
202112,144,145,0,1794993000
202112,144,126,0,45014521000
202112,144,112,0,19271384000
202112,144,102,0,143868623000
202112,144,156,0,323096735000
202112,144,153,0,313126016000
202112,144,134,0,466768651000
202112,144,139,0,446817347000
202112,144,113,0,526636383000
202112,144,100,0,99630193000
202112,144,149,0,437057200000
202112,144,150,0,186865410000
202112,144,138,0,19464918000
202112,144,159,0,18506756000
202112,144,130,0,21599017000
202112,144,115,0,137540894000
202112,144,141,0,15802950000
202112,144,123,0,465802000
202112,144,154,0,75972439000
202112,144,110,0,7140993000
202112,144,151,0,214030366000
202112,144,109,0,32365801000
202112,144,148,0,325307209000
202112,144,129,0,724758151000
202112,144,104,0,2759029000
202112,144,136,0,174501317000
202112,144,117,0,232697349000
202112,144,157,0,288713804000
202112,144,122,0,14825336000
202112,144,111,0,11044729000
202112,144,125,0,67933058000
202112,144,107,0,22618597000
202112,144,101,0,1023080000
202201,144,121,0,762000
202201,144,111,4,140000
202201,144,135,0,35002000
202201,144,122,4,1680000
202201,144,161,0,1552000
202201,144,140,4,595000
202201,144,114,0,50000
202201,144,108,0,850000
202201,144,107,4,80000
202201,144,159,0,5939304000
202201,144,106,0,731726402000
202201,144,134,4,352971000
202201,144,115,4,700000
202201,144,142,4,32258000
202201,144,130,4,22381000
202201,144,110,4,2921000
202201,144,104,4,20355000
202201,144,116,4,9600000
202201,144,156,4,17478000
202201,144,151,4,24385000
202201,144,153,4,18930000
202201,144,103,4,28110000
202201,144,132,4,56037000
202201,144,155,4,96214000
202201,144,118,4,20755000
202201,144,160,4,140775000
202201,144,109,4,32948000
202201,144,152,4,300932000
202201,144,102,4,251251000
202201,144,149,4,380761000
202201,144,148,4,277973000
202201,144,100,4,137709000
202201,144,111,0,2357261000
202201,144,130,0,35308829000
202201,144,115,0,85072218000
202201,144,140,0,33276257000
202201,144,123,0,2035182000
202201,144,120,0,4376195000
202201,144,113,0,564608045000
202201,144,148,0,373065181000
202201,144,132,0,52481019000
202201,144,103,0,987077709000
202201,144,142,0,48618194000
202201,144,102,0,162903166000
202201,144,136,0,437721917000
202201,144,156,0,198891241000
202201,144,133,0,196422566000
202201,144,154,0,73671441000
202201,144,151,0,235518289000
202201,144,112,0,21267260000
202201,144,116,0,19948630000
202201,144,126,0,54442534000
202201,144,107,0,17641013000
202201,144,141,0,22850044000
202201,144,152,0,493059413000
202201,144,139,0,178573601000
202201,144,157,0,81434198000
202201,144,100,0,149043756000
202201,144,146,0,193295000
202201,144,101,0,1094855000
202201,144,147,0,13489252000
202201,144,127,0,1828444000
202201,144,104,0,2903012000
202201,144,150,0,168328715000
202201,144,109,0,46797912000
202201,144,138,0,19025467000
202201,144,153,0,661951260000
202201,144,110,0,6319318000
202201,144,160,0,415546313000
202201,144,131,0,35238778000
202201,144,155,0,39405761000
202201,144,143,0,15623047000
202201,144,149,0,481776395000
202201,144,134,0,472274284000
202201,144,129,0,751485245000
202201,144,118,0,579228575000
202201,144,117,0,12693877000
202201,144,136,4,660000
202201,144,112,4,19527000
202201,144,150,4,92928000
202201,144,129,4,410216000
202201,144,125,0,52459434000
202201,144,122,0,34317539000
202201,144,157,4,100000
202201,144,101,4,3630000
202201,144,131,4,35930000
202201,144,126,4,45824000
202201,144,141,4,33291000
202201,144,138,4,11156000
202201,144,113,4,129952000
202201,144,145,0,444348000
202201,144,143,4,6473000
202202,144,148,4,348262000
202202,144,142,4,65741000
202202,144,153,4,18560000
202202,144,155,4,129907000
202202,144,149,4,419437000
202202,144,100,4,164159000
202202,144,109,4,37454000
202202,144,160,4,180896000
202202,144,150,4,114205000
202202,144,134,4,462928000
202202,144,131,4,38662000
202202,144,147,0,12755730000
202202,144,106,0,3720226000
202202,144,102,4,262430000
202202,144,133,0,8792450000
202202,144,141,0,17032412000
202202,144,113,0,501734735000
202202,144,148,0,280438995000
202202,144,153,0,83598881000
202202,144,150,0,145479103000
202202,144,143,0,14161020000
202202,144,131,0,28061617000
202202,144,138,0,302758851000
202202,144,102,0,116290898000
202202,144,152,0,363051348000
202202,144,160,0,306162340000
202202,144,151,0,161407578000
202202,144,118,0,256165212000
202202,144,154,0,84655599000
202202,144,103,0,851132361000
202202,144,123,0,1015532000
202202,144,126,0,37116599000
202202,144,125,0,69609696000
202202,144,156,0,145162976000
202202,144,107,0,12865359000
202202,144,112,0,14259471000
202202,144,146,0,364647000
202202,144,101,0,846853000
202202,144,159,0,2565084000
202202,144,145,0,931876000
202202,144,115,0,134660194000
202202,144,132,0,48644303000
202202,144,129,0,573905878000
202202,144,100,0,107944093000
202202,144,149,0,348077106000
202202,144,155,0,27220667000
202202,144,139,0,172791560000
202202,144,142,0,37349847000
202202,144,109,0,26447395000
202202,144,110,0,3912860000
202202,144,130,0,38049113000
202202,144,104,0,2048409000
202202,144,120,0,11721215000
202202,144,136,0,411910056000
202202,144,122,0,6056134000
202202,144,140,0,3832175000
202202,144,111,0,1005683000
202202,144,157,0,23961401000
202202,144,134,0,345761982000
202202,144,116,0,13638798000
202202,144,117,0,111404579000
202202,144,107,4,230000
202202,144,108,0,340285000
202202,144,122,4,4900000
202202,144,103,4,25942000
202202,144,112,4,23569000
202202,144,111,4,140000
202202,144,110,4,5313000
202202,144,140,4,605000
202202,144,121,0,3770000
202202,144,157,4,600000
202202,144,143,4,15183000
202202,144,137,0,384000
202202,144,114,0,13100000
202202,144,125,4,100000
202202,144,116,4,16340000
202202,144,156,4,30488000
202202,144,113,4,157766000
202202,144,130,4,29991000
202202,144,141,4,36713000
202202,144,152,4,285439000
202202,144,126,4,63302000
202202,144,129,4,503327000
202202,144,127,0,1269807000
202202,144,138,4,13306000
202202,144,104,4,23555000
202202,144,135,0,605256000
202202,144,118,4,33938000
202202,144,136,4,660000
202202,144,151,4,40316000
202202,144,101,4,4330000
202202,144,115,4,4730000
202202,144,132,4,64339000
202203,144,156,4,17756000
202203,144,117,0,4599505000
202203,144,151,4,40056000
202203,144,143,4,11469000
202203,144,118,4,28985000
202203,144,130,4,28772000
202203,144,135,0,50701000
202203,144,141,0,15676045000
202203,144,155,0,25988066000
202203,144,113,0,442415402000
202203,144,138,4,10556000
202203,144,161,0,1504000
202203,144,122,4,8840000
202203,144,101,4,3980000
202203,144,101,0,1137665000
202203,144,107,4,480000
202203,144,111,4,140000
202203,144,116,4,14210000
202203,144,115,4,3230000
202203,144,126,4,49298000
202203,144,104,4,22705000
202203,144,142,4,43147000
202203,144,136,4,660000
202203,144,160,4,167344000
202203,144,141,4,37268000
202203,144,155,4,123290000
202203,144,109,4,46888000
202203,144,112,4,21529000
202203,144,100,4,254947000
202203,144,103,4,25772000
202203,144,153,4,19160000
202203,144,148,4,328358000
202203,144,102,4,237160000
202203,144,145,0,320060000
202203,144,106,0,930205000
202203,144,120,0,12928734000
202203,144,132,4,58134000
202203,144,113,4,151702000
202203,144,150,4,109382000
202203,144,149,4,386666000
202203,144,134,4,420458000
202203,144,152,4,276312000
202203,144,129,4,480879000
202203,144,131,4,35775000
202203,144,110,4,5213000
202203,144,127,0,1811933000
202203,144,157,0,248107580000
202203,144,147,0,4689269000
202203,144,123,0,687600000
202203,144,157,4,350000
202203,144,140,4,605000
202203,144,114,0,4279000
202203,144,121,0,4180000
202203,144,137,0,647000
202203,144,111,0,1997607000
202203,144,122,0,4550440000
202203,144,110,0,3664761000
202203,144,140,0,5266955000
202203,144,160,0,342380649000
202203,144,150,0,158275245000
202203,144,152,0,375203077000
202203,144,148,0,291227977000
202203,144,151,0,257286695000
202203,144,103,0,1385202986000
202203,144,159,0,2802317000
202203,144,116,0,10276394000
202203,144,156,0,433508436000
202203,144,146,0,748290000
202203,144,109,0,32527178000
202203,144,104,0,1540314000
202203,144,136,0,93599472000
202203,144,107,0,16087874000
202203,144,115,0,203628465000
202203,144,154,0,211269818000
202203,144,112,0,18392960000
202203,144,143,0,12894753000
202203,144,149,0,359551382000
202203,144,126,0,40002877000
202203,144,132,0,44497987000
202203,144,134,0,363053193000
202203,144,118,0,451154950000
202203,144,142,0,41850612000
202203,144,153,0,107095580000
202203,144,102,0,111571351000
202203,144,130,0,20382355000
202203,144,100,0,139235112000
202203,144,138,0,25648170000
202203,144,131,0,28280340000
202203,144,139,0,160378648000
202203,144,129,0,597221823000
202203,144,125,0,213901556000
202203,144,133,0,65008109000
202204,144,157,4,100000
202204,144,122,4,8840000
202204,144,135,0,7600000
202204,144,111,4,140000
202204,144,161,0,1332000
202204,144,140,4,605000
202204,144,121,0,2552000
202204,144,108,0,50100000
202204,144,114,0,900000
202204,144,138,4,11716000
202204,144,156,4,18826000
202204,144,107,4,280000
202204,144,153,4,4740000
202204,144,136,4,760000
202204,144,106,0,39383270000
202204,144,131,4,33561000
202204,144,102,4,228233000
202204,144,112,4,19019000
202204,144,142,4,36023000
202204,144,113,4,121940000
202204,144,155,4,115256000
202204,144,129,4,427148000
202204,144,150,4,102605000
202204,144,148,4,335236000
202204,144,134,4,366143000
202204,144,130,4,22756000
202204,144,100,4,156307000
202204,144,118,4,24518000
202204,144,115,4,1430000
202204,144,110,4,5213000
202204,144,109,4,46618000
202204,144,143,4,7410000
202204,144,151,4,37326000
202204,144,132,0,35812498000
202204,144,152,0,337313964000
202204,144,131,0,26223974000
202204,144,153,0,96234967000
202204,144,104,0,1821915000
202204,144,142,0,31028165000
202204,144,109,0,21077778000
202204,144,130,0,18338204000
202204,144,143,0,12992825000
202204,144,110,0,4302892000
202204,144,126,0,31984728000
202204,144,125,0,25894618000
202204,144,133,0,4018467000
202204,144,120,0,7407994000
202204,144,115,0,49834700000
202204,144,138,0,23310689000
202204,144,136,0,136149146000
202204,144,118,0,831534836000
202204,144,156,0,116951468000
202204,144,116,0,13101631000
202204,144,112,0,11917895000
202204,144,147,0,1617607000
202204,144,122,0,3191416000
202204,144,103,0,546057925000
202204,144,123,0,317093000
202204,144,139,0,135248244000
202204,144,154,0,82216200000
202204,144,155,0,22793778000
202204,144,160,0,278655306000
202204,144,141,0,10898165000
202204,144,100,0,93120766000
202204,144,151,0,144562454000
202204,144,129,0,501539224000
202204,144,150,0,121690872000
202204,144,134,0,342044786000
202204,144,113,0,385675334000
202204,144,127,0,1041479000
202204,144,146,0,718282000
202204,144,159,0,5108255000
202204,144,157,0,19701545000
202204,144,140,0,3226847000
202204,144,111,0,3351016000
202204,144,101,4,2600000
202204,144,104,4,20905000
202204,144,103,4,16317000
202204,144,160,4,156578000
202204,144,152,4,279629000
202204,144,149,4,364668000
202204,144,145,0,129806000
202204,144,116,4,8910000
202204,144,126,4,56901000
202204,144,101,0,945703000
202204,144,102,0,76505921000
202204,144,149,0,288840033000
202204,144,141,4,33725000
202204,144,107,0,15256207000
202204,144,148,0,226550874000
202204,144,132,4,51874000
202204,144,117,0,5641036000
202205,144,133,0,4803994000
202205,144,122,0,4746074000
202205,144,157,0,16358861000
202205,144,106,0,714574000
202205,144,120,0,6005217000
202205,144,123,0,2502832000
202205,144,140,4,595000
202205,144,114,0,33440000
202205,144,135,0,250550000
202205,144,104,4,20455000
202205,144,136,4,790000
202205,144,117,0,7839360000
202205,144,142,4,51396000
202205,144,160,4,190593000
202205,144,112,4,23379000
202205,144,115,4,3430000
202205,144,131,4,39978000
202205,144,101,4,4330000
202205,144,151,4,48240000
202205,144,109,4,40793000
202205,144,141,4,38358000
202205,144,156,4,18986000
202205,144,134,4,488803000
202205,144,130,4,31322000
202205,144,132,4,46134000
202205,144,127,0,2477258000
202205,144,145,0,102745000
202205,144,149,4,395628000
202205,144,152,4,310476000
202205,144,113,4,152172000
202205,144,126,4,59756000
202205,144,129,4,499120000
202205,144,102,4,197174000
202205,144,100,4,224095000
202205,144,138,4,15166000
202205,144,118,4,35941000
202205,144,143,4,16990000
202205,144,150,4,121411000
202205,144,153,4,26670000
202205,144,122,4,8840000
202205,144,155,4,139595000
202205,144,148,4,407980000
202205,144,140,0,3503007000
202205,144,137,0,455000
202205,144,147,0,3115552000
202205,144,121,0,6512000
202205,144,111,4,140000
202205,144,107,4,930000
202205,144,110,4,6313000
202205,144,157,4,600000
202205,144,125,4,100000
202205,144,103,4,24862000
202205,144,116,4,14820000
202205,144,138,0,22162303000
202205,144,125,0,16152930000
202205,144,111,0,5448378000
202205,144,101,0,794404000
202205,144,115,0,200946132000
202205,144,103,0,698148832000
202205,144,107,0,12523167000
202205,144,156,0,58150432000
202205,144,141,0,8179916000
202205,144,146,0,218231000
202205,144,153,0,169915499000
202205,144,159,0,2207988000
202205,144,104,0,1686497000
202205,144,116,0,15513988000
202205,144,130,0,23139776000
202205,144,110,0,3942739000
202205,144,155,0,18087832000
202205,144,126,0,29973062000
202205,144,142,0,29118355000
202205,144,109,0,23996295000
202205,144,100,0,82987129000
202205,144,149,0,327693050000
202205,144,143,0,10649782000
202205,144,148,0,238315605000
202205,144,131,0,28032792000
202205,144,134,0,315910785000
202205,144,152,0,333965780000
202205,144,150,0,142024280000
202205,144,139,0,136762345000
202205,144,102,0,60634848000
202205,144,154,0,79313825000
202205,144,118,0,214393470000
202205,144,151,0,503524439000
202205,144,112,0,11736309000
202205,144,136,0,363596252000
202205,144,132,0,35064548000
202205,144,160,0,273917525000
202205,144,113,0,370634805000
202205,144,129,0,505236817000
202206,144,145,0,213271000
202206,144,123,0,209992000
202206,144,136,4,760000
202206,144,106,0,1315065000
202206,144,130,0,44836247000
202206,144,140,0,8574751000
202206,144,118,0,353906155000
202206,144,150,0,114449178000
202206,144,100,0,106104972000
202206,144,160,0,289451975000
202206,144,109,0,28207238000
202206,144,122,0,4834494000
202206,144,107,0,9920799000
202206,144,153,0,162925536000
202206,144,138,0,17623463000
202206,144,104,0,1884459000
202206,144,143,0,12327584000
202206,144,112,0,13136436000
202206,144,151,0,665893962000
202206,144,142,0,33616494000
202206,144,134,0,308167150000
202206,144,126,0,32495590000
202206,144,102,0,120091480000
202206,144,146,0,139655000
202206,144,103,0,1138240170000
202206,144,141,0,12658826000
202206,144,154,0,85153587000
202206,144,136,0,385186200000
202206,144,156,0,361961015000
202206,144,120,0,11486864000
202206,144,115,0,38137390000
202206,144,159,0,14029603000
202206,144,111,0,8222319000
202206,144,157,0,26989868000
202206,144,117,0,11353982000
202206,144,125,0,10889914000
202206,144,101,0,1379905000
202206,144,133,0,11349420000
202206,144,152,0,325141992000
202206,144,110,0,3507910000
202206,144,116,0,12721408000
202206,144,131,0,24182366000
202206,144,113,0,395375206000
202206,144,129,0,507497668000
202206,144,132,0,38013543000
202206,144,149,0,324006790000
202206,144,148,0,238144561000
202206,144,139,0,226027642000
202206,144,155,0,22223347000
202206,144,110,4,5698000
202206,144,137,0,208000
202206,144,140,4,605000
202206,144,135,0,209010000
202206,144,115,4,1930000
202206,144,153,4,16300000
202206,144,116,4,13790000
202206,144,125,4,100000
202206,144,107,4,630000
202206,144,157,4,350000
202206,144,156,4,17816000
202206,144,111,4,140000
202206,144,121,0,1910000
202206,144,118,4,26908000
202206,144,122,4,4900000
202206,144,138,4,13966000
202206,144,132,4,47204000
202206,144,112,4,22039000
202206,144,142,4,42485000
202206,144,126,4,164003000
202206,144,102,4,218136000
202206,144,131,4,40018000
202206,144,143,4,11305000
202206,144,150,4,209064000
202206,144,104,4,15805000
202206,144,152,4,296459000
202206,144,149,4,415477000
202206,144,100,4,201042000
202206,144,148,4,363005000
202206,144,103,4,34220000
202206,144,127,0,1865754000
202206,144,101,4,6950000
202206,144,141,4,36661000
202206,144,109,4,40303000
202206,144,130,4,25647000
202206,144,155,4,134121000
202206,144,160,4,164225000
202206,144,113,4,142422000
202206,144,129,4,465256000
202206,144,134,4,459517000
202206,144,147,0,7849194000
202206,144,151,4,44566000
202207,144,121,0,4060000
202207,144,111,4,140000
202207,144,108,0,100000000
202207,144,148,4,330138000
202207,144,160,4,147960000
202207,144,113,4,228429000
202207,144,100,4,185159000
202207,144,103,4,13870000
202207,144,153,4,49623000
202207,144,132,4,57523000
202207,144,104,4,13905000
202207,144,123,0,382540000
202207,144,102,4,158333000
202207,144,138,4,17739000
202207,144,111,0,3326567000
202207,144,156,4,16796000
202207,144,116,4,13410000
202207,144,143,4,9490000
202207,144,131,4,38159000
202207,144,110,4,4517000
202207,144,107,4,330000
202207,144,157,4,100000
202207,144,140,4,605000
202207,144,159,0,3991555000
202207,144,151,4,43876000
202207,144,136,4,760000
202207,144,155,4,144466000
202207,144,142,4,34978000
202207,144,150,0,126445992000
202207,144,133,0,77963789000
202207,144,147,0,15925822000
202207,144,107,0,3002164000
202207,144,117,0,79874928000
202207,144,145,0,179785000
202207,144,134,4,382856000
202207,144,141,4,40971000
202207,144,149,4,355415000
202207,144,126,4,49209000
202207,144,150,4,87232000
202207,144,109,4,43743000
202207,144,118,4,20991000
202207,144,130,4,19511000
202207,144,112,4,20240000
202207,144,152,4,281141000
202207,144,101,4,6600000
202207,144,129,4,429435000
202207,144,118,0,335025433000
202207,144,136,0,472982172000
202207,144,102,0,112292377000
202207,144,156,0,197874536000
202207,144,152,0,297233224000
202207,144,132,0,36438993000
202207,144,138,0,31053815000
202207,144,103,0,825633202000
202207,144,101,0,672817000
202207,144,125,0,46650253000
202207,144,126,0,34358077000
202207,144,110,0,4540952000
202207,144,120,0,9986858000
202207,144,122,0,40031150000
202207,144,104,0,1843884000
202207,144,139,0,181482989000
202207,144,134,0,298432143000
202207,144,129,0,509298406000
202207,144,143,0,9565012000
202207,144,149,0,313519030000
202207,144,142,0,31840923000
202207,144,148,0,253480428000
202207,144,131,0,23026001000
202207,144,100,0,101407718000
202207,144,160,0,273432867000
202207,144,155,0,24713906000
202207,144,112,0,13148937000
202207,144,113,0,363040587000
202207,144,109,0,29599588000
202207,144,151,0,250763402000
202207,144,153,0,324027854000
202207,144,154,0,108228329000
202207,144,141,0,13410397000
202207,144,116,0,12182957000
202207,144,130,0,39005609000
202207,144,146,0,151244000
202207,144,157,0,12364751000
202207,144,115,0,293074686000
202207,144,106,0,62404856000
202207,144,127,0,3815255000
202207,144,140,0,3145464000
202207,144,115,4,1430000
202207,144,137,0,1446000
202207,144,122,4,8840000
202207,144,135,0,12000000
202208,144,125,4,100000
202208,144,137,0,448000
202208,144,136,0,98847191000
202208,144,115,0,36112616000
202208,144,110,0,3774039000
202208,144,146,0,212030000
202208,144,123,0,540060000
202208,144,101,0,911974000
202208,144,141,0,10970983000
202208,144,138,0,20698647000
202208,144,113,0,381552035000
202208,144,100,0,63658916000
202208,144,129,0,507015397000
202208,144,148,0,232853234000
202208,144,149,0,326636375000
202208,144,132,0,30453914000
202208,144,155,0,21062070000
202208,144,152,0,323065435000
202208,144,153,0,116804439000
202208,144,116,0,9713566000
202208,144,126,0,29111239000
202208,144,130,0,33632307000
202208,144,118,0,286532012000
202208,144,109,0,17376396000
202208,144,142,0,32601501000
202208,144,143,0,15213823000
202208,144,112,0,12763991000
202208,144,107,0,14597850000
202208,144,125,0,163873276000
202208,144,139,0,80929448000
202208,144,134,0,328569143000
202208,144,102,0,75190390000
202208,144,131,0,25118361000
202208,144,160,0,260087250000
202208,144,151,0,196174724000
202208,144,154,0,202122377000
202208,144,103,0,598131256000
202208,144,156,0,251693604000
202208,144,159,0,119798494000
202208,144,104,0,1289102000
202208,144,140,0,1549745000
202208,144,150,0,128623881000
202208,144,135,0,466700000
202208,144,114,0,1460000
202208,144,111,4,140000
202208,144,155,4,176882000
202208,144,131,4,44104000
202208,144,106,0,87431046000
202208,144,133,0,117307708000
202208,144,122,4,8940000
202208,144,107,4,930000
202208,144,110,4,4181000
202208,144,136,4,2580000
202208,144,157,0,23302894000
202208,144,111,0,5694123000
202208,144,103,4,34780000
202208,144,130,4,26797000
202208,144,102,4,161959000
202208,144,141,4,54204000
202208,144,113,4,157554000
202208,144,129,4,600665000
202208,144,132,4,58925000
202208,144,116,4,21340000
202208,144,112,4,25410000
202208,144,156,4,21346000
202208,144,118,4,28594000
202208,144,150,4,216382000
202208,144,142,4,47302000
202208,144,152,4,315602000
202208,144,134,4,505398000
202208,144,149,4,373409000
202208,144,120,0,7333828000
202208,144,145,0,198449000
202208,144,147,0,15707877000
202208,144,127,0,3167687000
202208,144,153,4,30541000
202208,144,109,4,41281000
202208,144,151,4,48576000
202208,144,148,4,365446000
202208,144,160,4,182496000
202208,144,138,4,14779000
202208,144,126,4,66341000
202208,144,143,4,19450000
202208,144,157,4,600000
202208,144,104,4,11905000
202208,144,115,4,3430000
202208,144,100,4,181164000
202208,144,101,4,7300000
202208,144,122,0,5784772000
202208,144,140,4,105000
202208,144,117,0,73243617000
202209,144,101,4,6950000
202209,144,157,4,350000
202209,144,135,0,405911000
202209,144,111,4,140000
202209,144,108,0,790000
202209,144,114,0,5100000
202209,144,136,4,2580000
202209,144,117,0,6039200000
202209,144,140,4,605000
202209,144,143,4,15045000
202209,144,130,4,22147000
202209,144,104,4,10455000
202209,144,107,4,530000
202209,144,110,4,4181000
202209,144,155,4,181785000
202209,144,147,0,10575902000
202209,144,113,4,150882000
202209,144,106,0,410941000
202209,144,153,4,49671000
202209,144,141,4,49793000
202209,144,152,4,292652000
202209,144,126,4,51667000
202209,144,131,4,38149000
202209,144,103,4,37290000
202209,144,156,4,21116000
202209,144,132,4,46759000
202209,144,150,4,104944000
202209,144,102,4,159139000
202209,144,111,0,7469508000
202209,144,142,4,42880000
202209,144,151,4,38156000
202209,144,112,4,21963000
202209,144,127,0,1929910000
202209,144,138,4,15939000
202209,144,122,4,6720000
202209,144,109,4,45842000
202209,144,118,4,28870000
202209,144,115,4,2430000
202209,144,100,4,180208000
202209,144,116,4,16440000
202209,144,160,4,173790000
202209,144,149,4,370362000
202209,144,148,4,345597000
202209,144,129,4,519716000
202209,144,134,4,456121000
202209,144,122,0,11254963000
202209,144,120,0,9418901000
202209,144,140,0,3589561000
202209,144,159,0,2681058000
202209,144,115,0,160631053000
202209,144,123,0,346816000
202209,144,156,0,26441888000
202209,144,134,0,313166651000
202209,144,160,0,242475230000
202209,144,101,0,721602000
202209,144,129,0,590462520000
202209,144,138,0,41138826000
202209,144,133,0,15350655000
202209,144,141,0,11463939000
202209,144,150,0,117569226000
202209,144,139,0,70414417000
202209,144,107,0,34767098000
202209,144,125,0,40710266000
202209,144,145,0,77418000
202209,144,157,0,19090836000
202209,144,104,0,1403624000
202209,144,130,0,28140541000
202209,144,155,0,19753217000
202209,144,152,0,294801144000
202209,144,110,0,4160859000
202209,144,151,0,226319976000
202209,144,136,0,131018544000
202209,144,126,0,24732126000
202209,144,131,0,23970175000
202209,144,109,0,16953299000
202209,144,153,0,497453390000
202209,144,143,0,9798260000
202209,144,146,0,166828000
202209,144,154,0,156174082000
202209,144,116,0,7843224000
202209,144,102,0,130703921000
202209,144,100,0,90055808000
202209,144,142,0,27282330000
202209,144,118,0,204945921000
202209,144,112,0,9348369000
202209,144,132,0,31215081000
202209,144,103,0,837489650000
202209,144,149,0,279622798000
202209,144,148,0,233877055000
202209,144,113,0,329956929000
202210,144,140,4,605000
202210,144,110,4,5781000
202210,144,156,4,20626000
202210,144,136,4,2570000
202210,144,100,4,213211000
202210,144,106,0,1424669000
202210,144,157,4,350000
202210,144,116,4,12360000
202210,144,151,4,39030000
202210,144,109,4,30688000
202210,144,160,4,184230000
202210,144,118,4,33657000
202210,144,150,4,110380000
202210,144,126,4,78010000
202210,144,129,4,498990000
202210,144,149,4,376267000
202210,144,155,4,176708000
202210,144,148,4,362834000
202210,144,152,4,296918000
202210,144,138,4,16204000
202210,144,153,4,47851000
202210,144,160,0,258149274000
202210,144,126,0,29298238000
202210,144,100,0,71013674000
202210,144,151,0,332397730000
202210,144,139,0,72117418000
202210,144,136,0,511066864000
202210,144,103,0,687515306000
202210,144,148,0,264113167000
202210,144,146,0,124131000
202210,144,131,0,33727849000
202210,144,149,0,347072501000
202210,144,129,0,477046305000
202210,144,133,0,4377639000
202210,144,130,0,40343833000
202210,144,154,0,114733342000
202210,144,159,0,7574538000
202210,144,127,0,1324435000
202210,144,145,0,143753000
202210,144,157,0,16114527000
202210,144,156,0,20372623000
202210,144,123,0,376286000
202210,144,107,0,20301341000
202210,144,109,0,18652971000
202210,144,134,0,334911361000
202210,144,113,0,329431810000
202210,144,132,0,42768856000
202210,144,142,0,30328386000
202210,144,116,0,8803447000
202210,144,152,0,308203145000
202210,144,155,0,21693566000
202210,144,102,0,195348831000
202210,144,141,0,11551508000
202210,144,118,0,569720443000
202210,144,138,0,14169052000
202210,144,143,0,11882730000
202210,144,140,0,1721342000
202210,144,112,0,10175434000
202210,144,110,0,3666741000
202210,144,153,0,222399510000
202210,144,125,0,6164394000
202210,144,104,0,2822107000
202210,144,122,0,18214592000
202210,144,147,0,9377479000
202210,144,120,0,10462659000
202210,144,111,0,4368151000
202210,144,117,0,26164855000
202210,144,130,4,23337000
202210,144,141,4,48793000
202210,144,102,4,123615000
202210,144,134,4,430230000
202210,144,113,4,156804000
202210,144,112,4,22576000
202210,144,142,4,36220000
202210,144,104,4,7155000
202210,144,135,0,18474517000
202210,144,107,4,530000
202210,144,101,0,621809000
202210,144,132,4,50207000
202210,144,131,4,42976000
202210,144,143,4,13590000
202210,144,103,4,36340000
202210,144,115,0,66998876000
202210,144,150,0,116108600000
202210,144,137,0,285000
202210,144,125,4,100000
202210,144,111,4,140000
202210,144,101,4,1600000
202210,144,115,4,2330000
202210,144,122,4,8940000
202211,144,109,4,37609000
202211,144,112,4,23913000
202211,144,151,4,37051000
202211,144,143,4,13630000
202211,144,142,4,39960000
202211,144,104,4,5655000
202211,144,116,4,4970000
202211,144,111,4,140000
202211,144,132,4,48220000
202211,144,130,4,27887000
202211,144,110,4,6981000
202211,144,126,4,80025000
202211,144,135,0,1806919000
202211,144,115,4,2330000
202211,144,107,4,530000
202211,144,157,4,350000
202211,144,108,0,20000
202211,144,140,4,605000
202211,144,101,0,1315040000
202211,144,145,0,339371000
202211,144,152,4,319771000
202211,144,131,4,41260000
202211,144,147,0,4440999000
202211,144,123,0,2215293000
202211,144,154,0,181412109000
202211,144,156,0,28289503000
202211,144,160,0,307888644000
202211,144,102,0,103999232000
202211,144,151,0,118650502000
202211,144,150,0,115377334000
202211,144,100,0,83808354000
202211,144,129,0,469368598000
202211,144,130,0,21147025000
202211,144,111,0,4762068000
202211,144,127,0,2923607000
202211,144,106,0,2839857000
202211,144,117,0,41063169000
202211,144,115,0,35749084000
202211,144,136,0,102184701000
202211,144,104,0,2050498000
202211,144,159,0,1317825000
202211,144,150,4,110693000
202211,144,149,4,376720000
202211,144,100,4,215289000
202211,144,118,4,34597000
202211,144,113,4,177167000
202211,144,148,4,364322000
202211,144,160,4,225528000
202211,144,141,4,40961000
202211,144,102,4,98444000
202211,144,122,0,5358502000
202211,144,157,0,10866339000
202211,144,103,0,767593537000
202211,144,142,0,31272474000
202211,144,109,0,19946497000
202211,144,118,0,570684208000
202211,144,112,0,12184606000
202211,144,139,0,61871107000
202211,144,113,0,363797325000
202211,144,149,0,305517790000
202211,144,134,0,333136689000
202211,144,155,0,27273568000
202211,144,148,0,252428299000
202211,144,131,0,30915434000
202211,144,126,0,37111408000
202211,144,143,0,12776333000
202211,144,153,0,82811240000
202211,144,146,0,191686000
202211,144,116,0,7208195000
202211,144,132,0,47663401000
202211,144,152,0,357892427000
202211,144,110,0,4468045000
202211,144,133,0,6778030000
202211,144,140,0,797847000
202211,144,138,0,17496888000
202211,144,125,0,6382294000
202211,144,120,0,12983377000
202211,144,141,0,15473251000
202211,144,129,4,484055000
202211,144,134,4,448723000
202211,144,138,4,15804000
202211,144,156,4,20917000
202211,144,155,4,179696000
202211,144,107,0,14028686000
202211,144,114,0,450000
202211,144,101,4,2100000
202211,144,103,4,34350000
202211,144,153,4,20431000
202211,144,136,4,2570000
202211,144,122,4,4500000
202212,144,103,4,22822000
202212,144,112,4,22083000
202212,144,116,4,6960000
202212,144,153,4,7321000
202212,144,135,0,344465000
202212,144,132,4,47319000
202212,144,130,4,26787000
202212,144,143,4,9349000
202212,144,111,4,140000
202212,144,157,4,100000
202212,144,140,4,605000
202212,144,142,4,32506000
202212,144,156,4,20387000
202212,144,118,4,27638000
202212,144,129,4,427140000
202212,144,134,4,415987000
202212,144,106,0,3489569000
202212,144,150,4,106239000
202212,144,140,0,943211000
202212,144,101,0,714499000
202212,144,125,0,4097098000
202212,144,120,0,12851837000
202212,144,157,0,12802086000
202212,144,100,4,186232000
202212,144,113,4,139617000
202212,144,148,4,334262000
202212,144,107,0,7251199000
202212,144,122,0,6203430000
202212,144,136,4,2570000
202212,144,131,4,37333000
202212,144,138,4,14713000
202212,144,145,0,407205000
202212,144,127,0,4694058000
202212,144,133,0,6885774000
202212,144,156,0,17431550000
202212,144,155,0,21845183000
202212,144,142,0,19687884000
202212,144,134,0,226495017000
202212,144,113,0,221550124000
202212,144,116,0,6074093000
202212,144,146,0,140305000
202212,144,153,0,57429474000
202212,144,143,0,12467292000
202212,144,123,0,642473000
202212,144,126,0,21004522000
202212,144,160,0,191260503000
202212,144,149,0,212675885000
202212,144,152,0,228975123000
202212,144,131,0,17975555000
202212,144,132,0,26163117000
202212,144,112,0,8006244000
202212,144,103,0,393081936000
202212,144,129,0,305035293000
202212,144,139,0,69226883000
202212,144,100,0,54291455000
202212,144,118,0,160553453000
202212,144,102,4,86694000
202212,144,160,4,247956000
202212,144,109,4,40099000
202212,144,110,4,13801000
202212,144,141,4,41361000
202212,144,152,4,290746000
202212,144,149,4,352329000
202212,144,115,4,2000000
202212,144,104,0,868271000
202212,144,109,0,19166970000
202212,144,150,0,96246567000
202212,144,148,0,182005421000
202212,144,136,0,53609521000
202212,144,130,0,18836886000
202212,144,138,0,11657735000
202212,144,115,0,12622646000
202212,144,111,0,3400706000
202212,144,147,0,4334347000
202212,144,159,0,2138527000
202212,144,155,4,192883000
202212,144,141,0,8749365000
202212,144,110,0,3367684000
202212,144,102,0,57662197000
202212,144,154,0,149260253000
202212,144,151,0,83174494000
202212,144,117,0,1090659000
202212,144,151,4,34725000
202212,144,101,4,4040000
202212,144,126,4,75311000
202212,144,104,4,3155000
202212,144,122,4,4500000
202212,144,107,4,730000
202301,144,135,0,66600000
202301,144,116,4,6180000
202301,144,153,4,11630000
202301,144,157,4,600000
202301,144,107,4,1300000
202301,144,127,0,5032188000
202301,144,159,0,2446769000
202301,144,136,4,2570000
202301,144,132,4,45921000
202301,144,156,4,19431000
202301,144,134,4,465462000
202301,144,133,0,4955550000
202301,144,141,0,5754049000
202301,144,109,0,16304135000
202301,144,129,0,259233483000
202301,144,148,0,156485663000
202301,144,157,0,9798332000
202301,144,145,0,215230000
202301,144,102,4,68812000
202301,144,152,4,302981000
202301,144,118,0,345680990000
202301,144,141,4,54114000
202301,144,122,0,34942423000
202301,144,136,0,114666276000
202301,144,111,0,2232801000
202301,144,101,0,708355000
202301,144,140,0,1663502000
202301,144,142,0,18725437000
202301,144,130,0,19811824000
202301,144,153,0,31898937000
202301,144,146,0,126023000
202301,144,109,4,42110000
202301,144,149,0,174504571000
202301,144,139,0,71699588000
202301,144,113,4,176765000
202301,144,148,4,367121000
202301,144,115,4,3500000
202301,144,107,0,2678398000
202301,144,150,0,68200168000
202301,144,134,0,205134245000
202301,144,138,4,15563000
202301,144,151,4,30900000
202301,144,160,4,302279000
202301,144,155,4,276550000
202301,144,110,4,15821000
202301,144,100,4,239981000
202301,144,150,4,119409000
202301,144,142,4,41794000
202301,144,149,4,383910000
202301,144,118,4,34155000
202301,144,129,4,508529000
202301,144,115,0,13492343000
202301,144,120,0,21448497000
202301,144,117,0,425767000
202301,144,106,0,29187000
202301,144,147,0,3753195000
202301,144,110,0,1980644000
202301,144,112,0,8233341000
202301,144,116,0,4856686000
202301,144,126,0,25609126000
202301,144,155,0,15691684000
202301,144,131,4,42010000
202301,144,101,4,5040000
202301,144,151,0,55380893000
202301,144,138,0,4977376000
202301,144,123,0,509411000
202301,144,156,0,55741233000
202301,144,154,0,71425710000
202301,144,152,0,207881713000
202301,144,160,0,178139039000
202301,144,104,0,940228000
202301,144,131,0,15401009000
202301,144,102,0,36193385000
202301,144,132,0,29801992000
202301,144,103,0,346316245000
202301,144,100,0,42052915000
202301,144,113,0,218348269000
202301,144,143,0,9259685000
202301,144,130,4,31278000
202301,144,143,4,19892000
202301,144,103,4,53440000
202301,144,108,0,352000000
202301,144,112,4,23353000
202301,144,125,0,6427966000
202301,144,126,4,83380000
202301,144,121,0,1200000
202301,144,104,4,3305000
202301,144,140,4,605000
202301,144,122,4,4880000
202301,144,137,0,490000
202301,144,111,4,140000
202302,144,106,0,150787181000
202302,144,140,0,3900620000
202302,144,126,4,83236000
202302,144,113,4,159493000
202302,144,131,4,43270000
202302,144,143,4,13458000
202302,144,153,4,9716000
202302,144,150,4,103733000
202302,144,129,4,481041000
202302,144,109,4,46167000
202302,144,141,4,56350000
202302,144,134,4,404854000
202302,144,160,0,305864908000
202302,144,148,4,347690000
202302,144,149,4,372488000
202302,144,107,0,11391424000
202302,144,111,0,2189424000
202302,144,145,0,268045000
202302,144,120,0,28857097000
202302,144,122,0,11713380000
202302,144,104,0,1322299000
202302,144,116,0,8257756000
202302,144,115,0,49480243000
202302,144,150,0,118587029000
202302,144,125,0,22065521000
202302,144,103,4,37488000
202302,144,130,4,34332000
202302,144,112,4,22111000
202302,144,117,0,133410677000
202302,144,151,4,36050000
202302,144,155,4,286801000
202302,144,160,4,295149000
202302,144,135,0,1000000
202302,144,159,0,12365269000
202302,144,133,0,4768387000
202302,144,112,0,11440793000
202302,144,141,0,14852354000
202302,144,154,0,528038606000
202302,144,146,0,234410000
202302,144,102,0,49545873000
202302,144,126,0,45666952000
202302,144,109,0,28563221000
202302,144,138,0,26350405000
202302,144,152,0,330289566000
202302,144,156,0,34724778000
202302,144,132,0,41111996000
202302,144,100,0,91594711000
202302,144,151,0,215429395000
202302,144,142,0,26074520000
202302,144,148,0,250877233000
202302,144,113,0,348342912000
202302,144,149,0,301957352000
202302,144,110,0,3338371000
202302,144,155,0,26610020000
202302,144,143,0,11137526000
202302,144,136,0,74805187000
202302,144,130,0,22121537000
202302,144,118,0,285595068000
202302,144,139,0,107635133000
202302,144,153,0,47673537000
202302,144,134,0,375295246000
202302,144,103,0,770850952000
202302,144,131,0,23986209000
202302,144,129,0,452395808000
202302,144,121,0,5000000
202302,144,101,4,4040000
202302,144,142,4,38695000
202302,144,116,4,8870000
202302,144,118,4,30669000
202302,144,115,4,3640000
202302,144,122,4,4880000
202302,144,136,4,2770000
202302,144,107,4,1000000
202302,144,104,4,2985000
202302,144,111,4,140000
202302,144,138,4,16063000
202302,144,123,0,2610645000
202302,144,156,4,22136000
202302,144,147,0,5083662000
202302,144,157,0,112840400000
202302,144,110,4,16531000
202302,144,101,0,1806903000
202302,144,152,4,289177000
202302,144,102,4,73121000
202302,144,100,4,225385000
202302,144,127,0,4957152000
202302,144,132,4,46383000
202302,144,157,4,350000
202302,144,140,4,605000
202302,144,114,0,461000
202303,144,157,4,350000
202303,144,104,4,2635000
202303,144,140,4,605000
202303,144,135,0,381228000
202303,144,118,4,33824000
202303,144,116,4,6670000
202303,144,122,4,5700000
202303,144,130,4,39856000
202303,144,112,4,23790000
202303,144,138,4,15463000
202303,144,126,4,80469000
202303,144,152,4,289446000
202303,144,136,4,2770000
202303,144,101,4,5240000
202303,144,107,4,1000000
202303,144,131,4,36865000
202303,144,143,4,13659000
202303,144,142,4,37308000
202303,144,132,4,53708000
202303,144,159,0,33458128000
202303,144,156,4,23036000
202303,144,111,4,140000
202303,144,137,0,432000
202303,144,103,4,38675000
202303,144,115,4,2140000
202303,144,100,4,261679000
202303,144,149,4,389251000
202303,144,148,4,342153000
202303,144,109,4,45872000
202303,144,160,4,304637000
202303,144,110,4,16640000
202303,144,153,4,10076000
202303,144,101,0,1048377000
202303,144,147,0,3987103000
202303,144,106,0,1524871000
202303,144,140,0,3515215000
202303,144,117,0,16605087000
202303,144,127,0,10135960000
202303,144,102,4,71991000
202303,144,125,0,17291156000
202303,144,150,4,106099000
202303,144,113,4,155885000
202303,144,129,4,510789000
202303,144,134,4,408433000
202303,144,141,4,56445000
202303,144,155,4,274364000
202303,144,151,4,38675000
202303,144,132,0,57928905000
202303,144,155,0,21193829000
202303,144,129,0,520295147000
202303,144,149,0,336264340000
202303,144,123,0,1309354000
202303,144,148,0,299035775000
202303,144,139,0,106641183000
202303,144,109,0,30853548000
202303,144,107,0,12245892000
202303,144,133,0,196918394000
202303,144,130,0,28091250000
202303,144,122,0,13396523000
202303,144,103,0,706025031000
202303,144,151,0,356884850000
202303,144,131,0,28331272000
202303,144,141,0,13658106000
202303,144,120,0,27692556000
202303,144,157,0,16740928000
202303,144,116,0,7781998000
202303,144,118,0,430237305000
202303,144,160,0,313369442000
202303,144,113,0,414022356000
202303,144,150,0,137795687000
202303,144,145,0,124363000
202303,144,146,0,1097156000
202303,144,143,0,15125958000
202303,144,112,0,12967992000
202303,144,126,0,57358389000
202303,144,153,0,81772331000
202303,144,154,0,160608715000
202303,144,100,0,59831864000
202303,144,102,0,32500236000
202303,144,142,0,31613832000
202303,144,156,0,40796228000
202303,144,134,0,373661930000
202303,144,152,0,356657206000
202303,144,111,0,5394121000
202303,144,110,0,3931693000
202303,144,138,0,23257929000
202303,144,115,0,76384913000
202303,144,104,0,1510369000
202303,144,136,0,86392229000
202304,144,153,0,66954400000
202304,144,154,0,129733349000
202304,144,107,0,11921401000
202304,144,115,0,33609447000
202304,144,157,0,23076941000
202304,144,125,0,9165520000
202304,144,127,0,5305611000
202304,144,117,0,1239742000
202304,144,145,0,306692000
202304,144,149,4,379925000
202304,144,131,4,33211000
202304,144,151,4,30790000
202304,144,132,4,51518000
202304,144,152,4,264169000
202304,144,138,4,14183000
202304,144,116,4,5160000
202304,144,160,4,290913000
202304,144,102,4,66891000
202304,144,101,0,1280638000
202304,144,141,0,15820904000
202304,144,160,0,332389668000
202304,144,150,0,126964873000
202304,144,129,0,480149206000
202304,144,126,0,53521570000
202304,144,103,0,840543348000
202304,144,142,0,32882970000
202304,144,116,0,5935396000
202304,144,148,0,321089867000
202304,144,102,0,24129466000
202304,144,133,0,16510464000
202304,144,104,0,1636309000
202304,144,155,4,258402000
202304,144,100,4,239338000
202304,144,156,4,22356000
202304,144,109,4,41052000
202304,144,134,4,382240000
202304,144,113,4,148320000
202304,144,118,4,31820000
202304,144,120,0,22239123000
202304,144,122,0,18322787000
202304,144,111,0,8990309000
202304,144,140,0,3594452000
202304,144,129,4,461782000
202304,144,148,4,336173000
202304,144,150,4,95378000
202304,144,143,4,13112000
202304,144,126,4,86240000
202304,144,141,4,56373000
202304,144,110,4,18640000
202304,144,142,4,32061000
202304,144,110,0,3518891000
202304,144,159,0,60358896000
202304,144,147,0,3300193000
202304,144,156,0,35379718000
202304,144,152,0,364746881000
202304,144,151,0,128785595000
202304,144,134,0,374135502000
202304,144,139,0,101489121000
202304,144,100,0,55424390000
202304,144,131,0,30214852000
202304,144,113,0,417747501000
202304,144,155,0,21446237000
202304,144,132,0,45594044000
202304,144,109,0,29635444000
202304,144,143,0,14532548000
202304,144,112,0,16164671000
202304,144,146,0,395134000
202304,144,130,0,22400391000
202304,144,138,0,20554372000
202304,144,118,0,408183442000
202304,144,136,0,127458027000
202304,144,149,0,324409782000
202304,144,103,4,27060000
202304,144,123,0,1076904000
202304,144,122,4,4980000
202304,144,135,0,70021000
202304,144,104,4,2635000
202304,144,137,0,224000
202304,144,153,4,8116000
202304,144,112,4,20826000
202304,144,130,4,35956000
202304,144,136,4,2570000
202304,144,101,4,4940000
202304,144,107,4,700000
202304,144,115,4,1240000
202304,144,106,0,373834000
202304,144,111,4,140000
202304,144,157,4,100000
202304,144,140,4,605000
202305,144,121,0,1000000
202305,144,116,0,6684135000
202305,144,160,0,315758030000
202305,144,102,0,29387053000
202305,144,103,0,779377943000
202305,144,129,0,454672324000
202305,144,155,4,275167000
202305,144,130,4,40626000
202305,144,152,4,361128000
202305,144,120,0,21126102000
202305,144,127,0,5083898000
202305,144,157,0,23216663000
202305,144,125,0,6538808000
202305,144,111,0,6783340000
202305,144,159,0,1452601000
202305,144,110,4,18010000
202305,144,146,0,976300000
202305,144,103,4,18070000
202305,144,134,4,446777000
202305,144,107,4,1300000
202305,144,115,4,3640000
202305,144,132,4,53118000
202305,144,126,4,81975000
202305,144,153,4,10661000
202305,144,150,4,138286000
202305,144,142,4,50534000
202305,144,104,4,2999000
202305,144,138,4,14583000
202305,144,140,4,605000
202305,144,101,4,4940000
202305,144,106,0,4143972000
202305,144,133,0,7815466000
202305,144,143,4,18252000
202305,144,129,4,582866000
202305,144,148,4,389104000
202305,144,100,4,264160000
202305,144,113,4,211105000
202305,144,107,0,8496112000
202305,144,122,0,6035743000
202305,144,101,0,706454000
202305,144,151,0,419688891000
202305,144,139,0,76479214000
202305,144,155,0,19169502000
202305,144,130,0,18907814000
202305,144,152,0,344082781000
202305,144,149,0,292593730000
202305,144,126,0,47205845000
202305,144,148,0,311133303000
202305,144,142,0,30833762000
202305,144,141,0,15915135000
202305,144,134,0,410584937000
202305,144,112,0,11235811000
202305,144,154,0,94597614000
202305,144,131,0,23366616000
202305,144,153,0,134855035000
202305,144,141,4,62407000
202305,144,102,4,60080000
202305,144,112,4,24076000
202305,144,131,4,43467000
202305,144,156,4,22916000
202305,144,118,4,35570000
202305,144,160,4,316651000
202305,144,149,4,442948000
202305,144,145,0,252839000
202305,144,156,0,36415085000
202305,144,116,4,5380000
202305,144,109,4,51419000
202305,144,151,4,38230000
202305,144,136,4,2570000
202305,144,157,4,600000
202305,144,140,0,212061975000
202305,144,147,0,4191401000
202305,144,115,0,28089777000
202305,144,123,0,734656000
202305,144,138,0,9705806000
202305,144,110,0,4728180000
202305,144,117,0,1408594000
202305,144,132,0,32892713000
202305,144,143,0,12582101000
202305,144,150,0,141445346000
202305,144,113,0,372822768000
202305,144,109,0,27526376000
202305,144,100,0,78489958000
202305,144,118,0,579562412000
202305,144,104,0,1590225000
202305,144,136,0,72188890000
202305,144,108,0,22020000
202305,144,122,4,8920000
202305,144,137,0,224000
202305,144,114,0,29500000
202305,144,111,4,140000
202305,144,135,0,23570000
202306,144,125,4,100000
202306,144,140,4,105000
202306,144,159,0,25161262000
202306,144,136,0,129281274000
202306,144,142,0,36422566000
202306,144,137,0,259000
202306,144,123,0,893501000
202306,144,139,0,88999293000
202306,144,149,0,372647820000
202306,144,134,0,405313534000
202306,144,131,0,28485175000
202306,144,143,0,17243031000
202306,144,109,0,41347638000
202306,144,101,0,922412000
202306,144,106,0,8143466000
202306,144,152,4,308907000
202306,144,134,4,427807000
202306,144,110,4,20590000
202306,144,138,0,32810351000
202306,144,147,0,4163140000
202306,144,104,0,1314152000
202306,144,140,0,38871157000
202306,144,156,0,145809809000
202306,144,118,0,320451167000
202306,144,151,0,226866544000
202306,144,133,0,131333546000
202306,144,154,0,79110823000
202306,144,115,0,307995391000
202306,144,120,0,21130897000
202306,144,153,0,595324055000
202306,144,117,0,5063336000
202306,144,116,0,9187106000
202306,144,103,0,947828073000
202306,144,157,0,56061352000
202306,144,127,0,7366648000
202306,144,125,0,6832611000
202306,144,111,0,3249894000
202306,144,107,0,18205683000
202306,144,122,0,11329765000
202306,144,112,0,13002444000
202306,144,141,0,19444589000
202306,144,130,0,30449727000
202306,144,160,0,334521802000
202306,144,110,0,4989453000
202306,144,155,0,17708455000
202306,144,129,4,535218000
202306,144,109,4,44694000
202306,144,150,4,131649000
202306,144,155,4,263378000
202306,144,100,4,246857000
202306,144,149,4,403978000
202306,144,132,4,47673000
202306,144,113,4,199558000
202306,144,151,4,33510000
202306,144,160,4,314985000
202306,144,145,0,122936000
202306,144,148,4,368871000
202306,144,141,4,56823000
202306,144,126,0,59587875000
202306,144,100,0,86081820000
202306,144,148,0,337283075000
202306,144,146,0,648890000
202306,144,152,0,360944745000
202306,144,132,0,48010538000
202306,144,150,0,132759034000
202306,144,102,0,45145152000
202306,144,129,0,581130361000
202306,144,113,0,465939141000
202306,144,102,4,53826000
202306,144,115,4,1340000
202306,144,142,4,45689000
202306,144,118,4,35091000
202306,144,104,4,2817000
202306,144,138,4,13883000
202306,144,112,4,22176000
202306,144,143,4,18392000
202306,144,130,4,26456000
202306,144,131,4,43965000
202306,144,116,4,4070000
202306,144,157,4,350000
202306,144,103,4,17920000
202306,144,126,4,82616000
202306,144,156,4,22136000
202306,144,153,4,7541000
202306,144,107,4,700000
202306,144,122,4,5980000
202306,144,101,4,3940000
202306,144,136,4,2570000
202306,144,114,0,7070000
202306,144,111,4,140000
202306,144,135,0,60054000
202307,144,145,0,381620000
202307,144,117,0,3833385000
202307,144,104,4,2767000
202307,144,107,4,1200000
202307,144,157,4,350000
202307,144,137,0,259000
202307,144,108,0,299900000
202307,144,114,0,480000
202307,144,111,4,140000
202307,144,101,4,3940000
202307,144,135,0,45400000
202307,144,131,0,31619169000
202307,144,109,0,33086514000
202307,144,113,0,444012203000
202307,144,160,0,370354240000
202307,144,102,0,40829998000
202307,144,150,0,138956969000
202307,144,116,0,9107769000
202307,144,118,0,993575540000
202307,144,159,0,3194019000
202307,144,120,0,34872081000
202307,144,101,0,1612909000
202307,144,132,0,53917055000
202307,144,110,0,5500859000
202307,144,136,0,257431092000
202307,144,133,0,10766076000
202307,144,149,4,387591000
202307,144,160,4,342334000
202307,144,132,4,48163000
202307,144,125,0,59043172000
202307,144,155,4,260463000
202307,144,136,4,2570000
202307,144,115,4,2040000
202307,144,129,4,535603000
202307,144,151,4,31775000
202307,144,131,4,43879000
202307,144,116,4,4170000
202307,144,152,4,312511000
202307,144,123,0,2350651000
202307,144,138,0,212297322000
202307,144,154,0,72204776000
202307,144,155,0,22958559000
202307,144,100,0,92256150000
202307,144,112,0,18407248000
202307,144,130,0,22897403000
202307,144,146,0,366279000
202307,144,151,0,301110885000
202307,144,141,0,15449149000
202307,144,156,0,21436586000
202307,144,103,0,1056656721000
202307,144,143,0,17325099000
202307,144,115,0,44995363000
202307,144,140,0,2590306000
202307,144,142,0,40214155000
202307,144,126,0,50525668000
202307,144,153,0,106179531000
202307,144,129,0,582013703000
202307,144,149,0,379684664000
202307,144,134,0,450258805000
202307,144,148,0,363509735000
202307,144,152,0,406826888000
202307,144,139,0,77189359000
202307,144,147,0,5236681000
202307,144,122,0,23087833000
202307,144,104,0,1644721000
202307,144,111,0,3513570000
202307,144,106,0,2026951000
202307,144,150,4,120553000
202307,144,138,4,13883000
202307,144,143,4,12069000
202307,144,141,4,67387000
202307,144,113,4,178813000
202307,144,112,4,22089000
202307,144,156,4,17686000
202307,144,118,4,35323000
202307,144,103,4,21827000
202307,144,122,4,2760000
202307,144,130,4,25456000
202307,144,142,4,43739000
202307,144,140,4,105000
202307,144,110,4,20770000
202307,144,148,4,354386000
202307,144,109,4,46914000
202307,144,100,4,244993000
202307,144,107,0,16861984000
202307,144,157,0,320335117000
202307,144,127,0,5431104000
202307,144,153,4,10721000
202307,144,134,4,436516000
202307,144,102,4,52307000
202307,144,126,4,77032000
202307,144,124,0,20020000
202308,144,117,0,3388079000
202308,144,125,0,184933286000
202308,144,138,0,89027502000
202308,144,133,0,6311995000
202308,144,140,0,2762138000
202308,144,129,4,515812000
202308,144,142,4,45456000
202308,144,141,4,60822000
202308,144,118,4,36090000
202308,144,153,4,10921000
202308,144,109,4,37133000
202308,144,132,4,51790000
202308,144,150,4,124017000
202308,144,159,0,1048152000
202308,144,107,0,156326700000
202308,144,157,0,23029194000
202308,144,120,0,35096894000
202308,144,118,0,190645703000
202308,144,131,0,31699313000
202308,144,110,4,20080000
202308,144,124,0,207180000
202308,144,136,4,2570000
202308,144,106,0,715245000
202308,144,134,0,395104621000
202308,144,142,0,34888627000
202308,144,156,0,20492262000
202308,144,102,0,34501155000
202308,144,132,0,44918815000
202308,144,152,0,363540749000
202308,144,150,0,140207053000
202308,144,160,0,308986531000
202308,144,129,0,499845402000
202308,144,126,0,41244767000
202308,144,136,0,560083439000
202308,144,147,0,3451532000
202308,144,116,0,9069869000
202308,144,122,0,45293671000
202308,144,103,0,769785782000
202308,144,143,0,14883535000
202308,144,130,0,17578374000
202308,144,110,0,4578739000
202308,144,154,0,64911781000
202308,144,153,0,102871160000
202308,144,100,0,53668246000
202308,144,115,0,88572548000
202308,144,104,0,1959813000
202308,144,112,0,13790816000
202308,144,123,0,1164416000
202308,144,151,0,156794088000
202308,144,141,0,16482380000
202308,144,139,0,76247223000
202308,144,148,0,320543044000
202308,144,109,0,22884113000
202308,144,113,0,426795512000
202308,144,149,0,335520684000
202308,144,155,0,17755305000
202308,144,146,0,1359932000
202308,144,156,4,17060000
202308,144,101,4,3740000
202308,144,157,4,350000
202308,144,127,0,4610004000
202308,144,113,4,168671000
202308,144,102,4,54978000
202308,144,134,4,419795000
202308,144,149,4,412526000
202308,144,103,4,18035000
202308,144,140,4,133000
202308,144,107,4,1200000
202308,144,116,4,3870000
202308,144,112,4,21190000
202308,144,145,0,151105000
202308,144,155,4,245024000
202308,144,143,4,12160000
202308,144,126,4,85027000
202308,144,138,4,12667000
202308,144,151,4,35640000
202308,144,130,4,27916000
202308,144,115,4,2040000
202308,144,131,4,43812000
202308,144,111,0,1804487000
202308,144,152,4,376931000
202308,144,148,4,360267000
202308,144,100,4,244113000
202308,144,101,0,947395000
202308,144,160,4,331509000
202308,144,104,4,2817000
202308,144,111,4,140000
202308,144,121,0,4600000
202308,144,114,0,1020000
202308,144,135,0,219200000
202308,144,122,4,6700000
202308,144,137,0,259000
202308,144,125,4,100000
202309,144,157,4,100000
202309,144,125,4,100000
202309,144,126,4,41289000
202309,144,150,4,91429000
202309,144,141,4,54567000
202309,144,149,4,365448000
202309,144,101,4,2650000
202309,144,136,4,2570000
202309,144,138,4,12171000
202309,144,115,4,1140000
202309,144,148,4,316300000
202309,144,160,4,297153000
202309,144,113,4,150137000
202309,144,100,4,220540000
202309,144,118,4,30415000
202309,144,107,0,8631160000
202309,144,124,0,108805159000
202309,144,127,0,3442354000
202309,144,147,0,3438381000
202309,144,125,0,66306665000
202309,144,142,4,30779000
202309,144,106,0,203340533000
202309,144,111,0,3951771000
202309,144,134,4,367432000
202309,144,140,0,3936657000
202309,144,159,0,3510271000
202309,144,152,4,288554000
202309,144,102,4,50777000
202309,144,131,4,43377000
202309,144,155,4,219967000
202309,144,156,4,14480000
202309,144,129,4,453532000
202309,144,120,0,28812606000
202309,144,110,4,17580000
202309,144,103,4,18218000
202309,144,143,4,10349000
202309,144,145,0,732044000
202309,144,121,0,1000000
202309,144,111,4,140000
202309,144,114,0,31192000
202309,144,140,4,133000
202309,144,116,4,3160000
202309,144,107,4,900000
202309,144,154,0,80787864000
202309,144,138,0,87391503000
202309,144,130,0,32225247000
202309,144,146,0,713761000
202309,144,103,0,1358214480000
202309,144,151,0,322895475000
202309,144,141,0,17498722000
202309,144,116,0,9300952000
202309,144,122,0,29086246000
202309,144,157,0,21342331000
202309,144,135,0,23248000
202309,144,123,0,1219348000
202309,144,117,0,4516197000
202309,144,112,0,14888114000
202309,144,110,0,3839031000
202309,144,153,0,260863096000
202309,144,149,0,369670814000
202309,144,113,0,424273438000
202309,144,104,0,2058799000
202309,144,126,0,42858732000
202309,144,155,0,21453877000
202309,144,132,0,44258157000
202309,144,142,0,41898556000
202309,144,109,0,34062335000
202309,144,148,0,361505211000
202309,144,152,0,435019589000
202309,144,136,0,56289803000
202309,144,139,0,86584633000
202309,144,129,0,607500184000
202309,144,118,0,706313384000
202309,144,102,0,49302551000
202309,144,160,0,340628699000
202309,144,131,0,34752550000
202309,144,100,0,90628931000
202309,144,150,0,155410450000
202309,144,134,0,399325886000
202309,144,143,0,15617931000
202309,144,115,0,65065343000
202309,144,101,0,882358000
202309,144,156,0,43200252000
202309,144,133,0,24058616000
202309,144,151,4,33615000
202309,144,130,4,22625000
202309,144,112,4,22050000
202309,144,122,4,5980000
202309,144,132,4,41801000
202309,144,104,4,2435000
202309,144,109,4,30820000
202309,144,153,4,7611000
202310,144,121,0,2100000
202310,144,102,4,53492000
202310,144,151,4,36945000
202310,144,149,0,333701228000
202310,144,150,0,122896799000
202310,144,109,0,17296087000
202310,144,136,0,62727390000
202310,144,133,0,2484123000
202310,144,115,0,45169806000
202310,144,127,0,3511898000
202310,144,157,0,14905386000
202310,144,109,4,56236000
202310,144,143,4,14990000
202310,144,138,4,14287000
202310,144,103,4,17128000
202310,144,142,4,48169000
202310,144,159,0,834206000
202310,144,110,4,20380000
202310,144,124,0,90388000
202310,144,116,4,6360000
202310,144,141,4,60011000
202310,144,126,4,97536000
202310,144,140,4,133000
202310,144,125,4,100000
202310,144,115,4,3440000
202310,144,135,0,79801000
202310,144,134,0,300993615000
202310,144,148,0,290069091000
202310,144,139,0,69355502000
202310,144,116,0,9014102000
202310,144,132,0,39864346000
202310,144,129,0,487607346000
202310,144,152,0,302662985000
202310,144,100,0,56352500000
202310,144,130,0,15725029000
202310,144,143,0,9837501000
202310,144,112,0,11425896000
202310,144,151,0,142646831000
202310,144,118,0,874212571000
202310,144,138,0,34559949000
202310,144,155,0,15577803000
202310,144,102,0,43877100000
202310,144,110,0,2727199000
202310,144,140,0,4832753000
202310,144,111,0,3517950000
202310,144,147,0,3017504000
202310,144,145,0,36823000
202310,144,113,4,180358000
202310,144,117,0,7330574000
202310,144,122,0,32792341000
202310,144,120,0,37660256000
202310,144,107,0,6678861000
202310,144,125,0,11323391000
202310,144,130,4,22985000
202310,144,134,4,448920000
202310,144,129,4,569698000
202310,144,150,4,142070000
202310,144,155,4,257570000
202310,144,132,4,49154000
202310,144,118,4,36330000
202310,144,156,4,15380000
202310,144,148,4,396283000
202310,144,157,4,600000
202310,144,160,4,332191000
202310,144,149,4,448039000
202310,144,152,4,339827000
202310,144,160,0,262594086000
202310,144,103,0,958127268000
202310,144,113,0,343608091000
202310,144,126,0,32963481000
202310,144,154,0,258715539000
202310,144,146,0,278287000
202310,144,142,0,26223082000
202310,144,131,0,24680744000
202310,144,156,0,105047256000
202310,144,104,0,1181378000
202310,144,153,0,293265705000
202310,144,131,4,47017000
202310,144,100,4,247542000
202310,144,123,0,924572000
202310,144,101,0,986693000
202310,144,141,0,13582419000
202310,144,106,0,549360000
202310,144,122,4,9920000
202310,144,104,4,2799000
202310,144,112,4,29682000
202310,144,107,4,1500000
202310,144,136,4,2570000
202310,144,101,4,4440000
202310,144,153,4,9901000
202310,144,111,4,140000
202311,144,145,0,53280000
202311,144,131,4,46127000
202311,144,118,4,26390000
202311,144,107,4,1200000
202311,144,122,4,5980000
202311,144,124,0,49620000
202311,144,104,4,2867000
202311,144,130,4,28181000
202311,144,110,4,12860000
202311,144,156,4,14780000
202311,144,143,4,14140000
202311,144,132,4,49573000
202311,144,116,4,3560000
202311,144,140,4,133000
202311,144,125,4,100000
202311,144,135,0,66860000
202311,144,101,4,2640000
202311,144,103,4,18198000
202311,144,157,4,350000
202311,144,154,0,82233356000
202311,144,153,0,279769097000
202311,144,130,0,32248424000
202311,144,140,0,235079787000
202311,144,157,0,15709720000
202311,144,107,0,11179578000
202311,144,113,0,499298092000
202311,144,149,0,404105557000
202311,144,118,0,799745933000
202311,144,134,0,438187348000
202311,144,104,0,1943575000
202311,144,136,0,540525572000
202311,144,126,0,45135164000
202311,144,112,0,15049753000
202311,144,120,0,27829407000
202311,144,100,0,69348814000
202311,144,141,0,18340600000
202311,144,116,0,8754962000
202311,144,132,0,57994542000
202311,144,160,0,354547340000
202311,144,129,0,676013029000
202311,144,103,0,1281121644000
202311,144,142,0,45748522000
202311,144,102,0,72630761000
202311,144,152,0,427548025000
202311,144,156,0,40978456000
202311,144,151,0,497798612000
202311,144,143,0,17842596000
202311,144,138,0,86056158000
202311,144,115,0,285319631000
202311,144,109,0,32445827000
202311,144,131,0,36937937000
202311,144,106,0,188655073000
202311,144,155,0,24697233000
202311,144,139,0,113540292000
202311,144,148,0,387592455000
202311,144,150,0,160183918000
202311,144,159,0,59988491000
202311,144,113,4,167982000
202311,144,134,4,402216000
202311,144,153,4,12021000
202311,144,155,4,217979000
202311,144,152,4,342084000
202311,144,160,4,282417000
202311,144,138,4,12324000
202311,144,142,4,38684000
202311,144,147,0,2078524000
202311,144,141,4,49869000
202311,144,146,0,559570000
202311,144,110,0,6879033000
202311,144,125,0,19933717000
202311,144,123,0,1243007000
202311,144,115,4,2710000
202311,144,136,4,2570000
202311,144,111,4,140000
202311,144,127,0,3268901000
202311,144,122,0,57879460000
202311,144,111,0,3799679000
202311,144,133,0,4589017000
202311,144,149,4,383006000
202311,144,101,0,1733731000
202311,144,117,0,136885935000
202311,144,100,4,235964000
202311,144,151,4,33820000
202311,144,150,4,112284000
202311,144,112,4,20742000
202311,144,129,4,561565000
202311,144,126,4,70719000
202311,144,109,4,33266000
202311,144,102,4,55538000
202311,144,148,4,411185000
202312,144,147,0,1638658000
202312,144,139,0,120455260000
202312,144,152,0,503533913000
202312,144,134,0,533605428000
202312,144,100,0,99090988000
202312,144,153,0,1021910096000
202312,144,150,0,174303605000
202312,144,110,0,9642126000
202312,144,111,0,5508413000
202312,144,136,0,89588765000
202312,144,138,0,38091373000
202312,144,115,0,268614278000
202312,144,151,0,269517421000
202312,144,118,0,400648521000
202312,144,132,0,85069612000
202312,144,154,0,317839312000
202312,144,140,0,11189772000
202312,144,116,4,3060000
202312,144,107,4,700000
202312,144,120,0,36727570000
202312,144,123,0,862928000
202312,144,125,0,80722145000
202312,144,122,0,44997649000
202312,144,107,0,10245390000
202312,144,116,0,11612209000
202312,144,109,0,50722992000
202312,144,141,0,20140307000
202312,144,143,0,17735213000
202312,144,126,0,54094320000
202312,144,146,0,856215000
202312,144,104,0,2324240000
202312,144,130,0,29873428000
202312,144,148,0,436630346000
202312,144,157,0,14685698000
202312,144,103,0,1071432946000
202312,144,142,0,50097113000
202312,144,102,0,83700495000
202312,144,131,0,40727425000
202312,144,112,0,23257478000
202312,144,155,0,28684005000
202312,144,156,0,55160017000
202312,144,149,0,450712584000
202312,144,113,0,580402113000
202312,144,129,0,799258216000
202312,144,160,0,433130013000
202312,144,111,4,140000
202312,144,149,4,370811000
202312,144,103,4,18518000
202312,144,160,4,278404000
202312,144,159,0,1749992000
202312,144,104,4,1685000
202312,144,114,0,2480000
202312,144,140,4,133000
202312,144,145,0,280581000
202312,144,118,4,24836000
202312,144,138,4,11874000
202312,144,142,4,30166000
202312,144,141,4,51999000
202312,144,152,4,302994000
202312,144,143,4,13710000
202312,144,132,4,45578000
202312,144,150,4,88044000
202312,144,129,4,504781000
202312,144,134,4,376946000
202312,144,100,4,215617000
202312,144,127,0,9341314000
202312,144,125,4,100000
202312,144,122,4,9930000
202312,144,115,4,1550000
202312,144,157,4,100000
202312,144,117,0,196417789000
202312,144,155,4,151150000
202312,144,151,4,39345000
202312,144,130,4,20658000
202312,144,112,4,19972000
202312,144,109,4,38708000
202312,144,102,4,47690000
202312,144,131,4,45552000
202312,144,126,4,96316000
202312,144,113,4,159370000
202312,144,148,4,356690000
202312,144,133,0,11003054000
202312,144,101,0,1279450000
202312,144,101,4,3240000
202312,144,153,4,10551000
202312,144,106,0,3820204000
202312,144,124,0,52138642000
202312,144,110,4,9960000
202312,144,135,0,55400000
202312,144,156,4,14040000
202312,144,136,4,2570000
202401,144,160,0,345135614000
202401,144,139,0,93450293000
202401,144,100,0,88148905000
202401,144,131,0,31451415000
202401,144,110,0,7992449000
202401,144,154,0,78404447000
202401,144,151,0,438031401000
202401,144,148,0,359565807000
202401,144,141,0,17448327000
202401,144,133,0,4620699000
202401,144,150,0,126926367000
202401,144,157,0,270420106000
202401,144,101,0,1492741000
202401,144,116,0,8052382000
202401,144,123,0,1344102000
202401,144,138,0,24839310000
202401,144,109,0,35821630000
202401,144,130,0,22561998000
202401,144,107,0,10789602000
202401,144,142,0,35039309000
202401,144,118,0,740970312000
202401,144,104,0,1564297000
202401,144,149,0,351210399000
202401,144,109,4,41961000
202401,144,126,4,96053000
202401,144,150,4,120036000
202401,144,132,4,44724000
202401,144,130,4,29182000
202401,144,118,4,28022000
202401,144,131,4,42574000
202401,144,113,4,193633000
202401,144,102,4,65232000
202401,144,148,4,381687000
202401,144,147,0,1976676000
202401,144,149,4,405530000
202401,144,111,0,6610587000
202401,144,121,0,2100000
202401,144,116,4,3260000
202401,144,104,4,2049000
202401,144,157,4,600000
202401,144,125,4,200000
202401,144,140,4,133000
202401,144,107,4,1300000
202401,144,127,0,4913516000
202401,144,142,4,43896000
202401,144,101,4,3240000
202401,144,143,4,17577000
202401,144,141,4,56675000
202401,144,155,4,173916000
202401,144,160,4,291499000
202401,144,153,4,16025000
202401,144,112,4,21064000
202401,144,152,4,311970000
202401,144,134,4,454876000
202401,144,136,4,2370000
202401,144,120,0,51968739000
202401,144,112,0,16595486000
202401,144,103,0,836418584000
202401,144,113,0,436340471000
202401,144,102,0,57824671000
202401,144,153,0,270794903000
202401,144,126,0,37488380000
202401,144,143,0,15037927000
202401,144,129,0,665828772000
202401,144,132,0,61849815000
202401,144,146,0,769482000
202401,144,115,0,126062015000
202401,144,117,0,47798518000
202401,144,125,0,17058345000
202401,144,159,0,1102830000
202401,144,122,0,40698206000
202401,144,140,0,1933004000
202401,144,134,0,389909715000
202401,144,136,0,352840971000
202401,144,155,0,24596853000
202401,144,152,0,386902040000
202401,144,106,0,106783731000
202401,144,156,4,14210000
202401,144,151,4,28790000
202401,144,145,0,275459000
202401,144,138,4,10555000
202401,144,100,4,258945000
202401,144,129,4,647041000
202401,144,156,0,50016167000
202401,144,111,4,40000
202401,144,124,0,494746000
202401,144,135,0,92603000
202401,144,122,4,2770000
202401,144,110,4,10290000
202401,144,115,4,3450000
202401,144,103,4,16578000
202402,144,116,4,4960000
202402,144,125,4,200000
202402,144,107,4,1200000
202402,144,157,4,350000
202402,144,104,4,1767000
202402,144,140,4,133000
202402,144,111,4,40000
202402,144,124,0,1306950000
202402,144,145,0,2548043000
202402,144,125,0,217478856000
202402,144,135,0,42184362000
202402,144,117,0,4210383000
202402,144,147,0,3021737000
202402,144,106,0,2219045000
202402,144,151,4,40645000
202402,144,100,4,214831000
202402,144,129,4,574623000
202402,144,140,0,3389949000
202402,144,131,0,41862212000
202402,144,142,0,36721709000
202402,144,154,0,263216636000
202402,144,118,0,307685901000
202402,144,159,0,1195592000
202402,144,131,4,41084000
202402,144,118,4,27700000
202402,144,113,4,203268000
202402,144,148,4,370644000
202402,144,155,4,156320000
202402,144,111,0,6184974000
202402,144,122,0,29753533000
202402,144,120,0,36602749000
202402,144,136,0,108893386000
202402,144,127,0,3437507000
202402,144,155,0,24114029000
202402,144,151,0,176306885000
202402,144,102,0,73853883000
202402,144,109,0,39539656000
202402,144,112,0,16450864000
202402,144,103,0,921198863000
202402,144,100,0,87936821000
202402,144,116,0,9878081000
202402,144,143,0,15196001000
202402,144,134,0,400436098000
202402,144,148,0,351959651000
202402,144,129,0,653643467000
202402,144,126,0,45625872000
202402,144,153,0,110650203000
202402,144,156,0,324666215000
202402,144,110,0,10226657000
202402,144,133,0,122260789000
202402,144,160,0,352714722000
202402,144,132,0,74879497000
202402,144,152,0,425122089000
202402,144,113,0,555879112000
202402,144,150,0,135552185000
202402,144,139,0,126604883000
202402,144,149,0,424494118000
202402,144,130,0,23521460000
202402,144,138,0,99197048000
202402,144,115,0,327447241000
202402,144,141,4,57277000
202402,144,103,4,21468000
202402,144,132,4,42299000
202402,144,109,4,33051000
202402,144,142,4,38608000
202402,144,130,4,34052000
202402,144,138,4,11975000
202402,144,146,0,616172000
202402,144,123,0,1077962000
202402,144,107,0,119397308000
202402,144,104,0,1922447000
202402,144,157,0,274905930000
202402,144,141,0,16859609000
202402,144,101,0,1299923000
202402,144,134,4,431551000
202402,144,160,4,282548000
202402,144,152,4,305239000
202402,144,150,4,101168000
202402,144,149,4,404827000
202402,144,102,4,54778000
202402,144,126,4,91765000
202402,144,122,4,10330000
202402,144,143,4,16746000
202402,144,110,4,9800000
202402,144,112,4,18834000
202402,144,115,4,2350000
202402,144,153,4,12689000
202402,144,136,4,2320000
202402,144,156,4,14360000
202402,144,101,4,2715000
202403,144,115,0,81497529000
202403,144,120,0,28978565000
202403,144,160,4,273933000
202403,144,101,0,784940000
202403,144,111,0,5469181000
202403,144,106,0,3584364000
202403,144,107,0,5249503000
202403,144,152,4,311199000
202403,144,133,0,5912191000
202403,144,112,4,21884000
202403,144,131,4,33637000
202403,144,118,4,28555000
202403,144,108,0,5000000
202403,144,148,4,363808000
202403,144,117,0,4621216000
202403,144,138,4,14125000
202403,144,155,4,123553000
202403,144,159,0,1117675000
202403,144,113,4,154178000
202403,144,140,0,2075570000
202403,144,150,4,83464000
202403,144,145,0,419423000
202403,144,129,4,512620000
202403,144,157,4,100000
202403,144,124,0,324383000
202403,144,125,4,100000
202403,144,109,4,35935000
202403,144,135,0,283606000
202403,144,107,4,900000
202403,144,111,4,40000
202403,144,130,4,27132000
202403,144,141,4,54837000
202403,144,142,4,39005000
202403,144,143,4,16046000
202403,144,114,0,4039000
202403,144,103,4,20308000
202403,144,110,4,8340000
202403,144,142,0,38400066000
202403,144,147,0,2658108000
202403,144,141,0,17296458000
202403,144,140,4,133000
202403,144,104,4,1585000
202403,144,101,4,2715000
202403,144,115,4,1240000
202403,144,116,4,4460000
202403,144,122,4,9980000
202403,144,151,4,40905000
202403,144,136,4,2320000
202403,144,153,4,8825000
202403,144,156,4,13950000
202403,144,148,0,315761529000
202403,144,131,0,31800749000
202403,144,155,0,20076823000
202403,144,126,0,39578235000
202403,144,132,4,37923000
202403,144,113,0,543325097000
202403,144,149,0,380982431000
202403,144,154,0,53620740000
202403,144,157,0,13622693000
202403,144,139,0,130116360000
202403,144,122,0,55210509000
202403,144,136,0,63079604000
202403,144,143,0,15281856000
202403,144,109,0,32133089000
202403,144,146,0,511190000
202403,144,151,0,157871506000
202403,144,116,0,8562604000
202403,144,112,0,14030844000
202403,144,103,0,1365439234000
202403,144,150,0,138759311000
202403,144,152,0,428701074000
202403,144,132,0,107142299000
202403,144,134,0,385184083000
202403,144,118,0,682253552000
202403,144,100,0,75064175000
202403,144,129,0,605145792000
202403,144,153,0,162859338000
202403,144,160,0,338964876000
202403,144,156,0,24901410000
202403,144,126,4,46132000
202403,144,130,0,30518122000
202403,144,125,0,15929169000
202403,144,138,0,29251593000
202403,144,134,4,418658000
202403,144,102,4,43232000
202403,144,102,0,77986719000
202403,144,110,0,12379567000
202403,144,100,4,198470000
202403,144,104,0,2083687000
202403,144,149,4,403119000
202403,144,123,0,1106913000
202403,144,127,0,3894817000
202404,144,153,4,12002000
202404,144,136,4,2120000
202404,144,157,0,8693785000
202404,144,100,4,233677000
202404,144,101,4,2505000
202404,144,146,0,511150000
202404,144,132,4,44708000
202404,144,102,4,60445000
202404,144,115,0,321985685000
202404,144,104,0,1822417000
202404,144,120,0,40266695000
202404,144,123,0,833730000
202404,144,133,0,5093029000
202404,144,107,0,2439296000
202404,144,148,4,479524000
202404,144,127,0,2861317000
202404,144,159,0,3352550000
202404,144,140,0,13864497000
202404,144,101,0,1645178000
202404,144,118,4,27640000
202404,144,109,4,43849000
202404,144,161,0,20000
202404,144,126,4,53298000
202404,144,122,4,9580000
202404,144,104,4,1949000
202404,144,107,4,1150000
202404,144,155,4,167290000
202404,144,134,4,491333000
202404,144,113,4,195752000
202404,144,113,0,401317755000
202404,144,152,0,386168051000
202404,144,100,0,86172617000
202404,144,132,0,67846377000
202404,144,134,0,376117177000
202404,144,139,0,77686947000
202404,144,152,4,346097000
202404,144,124,0,266098000
202404,144,115,4,3040000
202404,144,103,4,26988000
202404,144,138,4,13696000
202404,144,142,4,46026000
202404,144,131,4,39022000
202404,144,160,4,286702000
202404,144,130,4,16688000
202404,144,143,4,19326000
202404,144,156,4,13898000
202404,144,106,0,1244865000
202404,144,141,4,56807000
202404,144,145,0,1908618000
202404,144,151,4,39160000
202404,144,150,4,129880000
202404,144,142,0,32136794000
202404,144,109,0,36766654000
202404,144,151,0,178341728000
202404,144,143,0,16733046000
202404,144,122,0,46636938000
202404,144,112,4,21924000
202404,144,138,0,81096747000
202404,144,126,0,30987195000
202404,144,130,0,20563477000
202404,144,118,0,207727978000
202404,144,148,0,332530485000
202404,144,155,0,20272688000
202404,144,156,0,272790667000
202404,144,110,4,9210000
202404,144,135,0,30100000
202404,144,157,4,600000
202404,144,125,4,200000
202404,144,116,4,1160000
202404,144,111,4,40000
202404,144,140,4,133000
202404,144,125,0,44619052000
202404,144,150,0,140960994000
202404,144,149,0,357165035000
202404,144,129,0,566658336000
202404,144,102,0,42524734000
202404,144,160,0,342520524000
202404,144,103,0,1012573979000
202404,144,153,0,1005903561000
202404,144,112,0,15816961000
202404,144,129,4,640801000
202404,144,147,0,1572663000
202404,144,154,0,58041291000
202404,144,131,0,28520829000
202404,144,141,0,15610021000
202404,144,110,0,8426517000
202404,144,116,0,6621178000
202404,144,111,0,3057085000
202404,144,136,0,107877049000
202404,144,149,4,455495000
202404,144,117,0,1388766000
202405,144,111,4,40000
202405,144,135,0,1500000
202405,144,132,4,30588000
202405,144,104,4,2367000
202405,144,131,4,37692000
202405,144,110,4,8600000
202405,144,118,4,47123000
202405,144,156,4,15228000
202405,144,130,4,24773000
202405,144,143,4,16185000
202405,144,102,4,51543000
202405,144,142,4,41832000
202405,144,138,4,13146000
202405,144,122,4,10090000
202405,144,157,4,250000
202405,144,114,0,53600000
202405,144,124,0,955933000
202405,144,111,0,5592562000
202405,144,106,0,1361518000
202405,144,129,0,570038849000
202405,144,100,4,238236000
202405,144,150,4,116367000
202405,144,117,0,4433465000
202405,144,129,4,585347000
202405,144,149,4,439443000
202405,144,145,0,390010000
202405,144,126,0,33162828000
202405,144,130,0,20719337000
202405,144,151,0,402297328000
202405,144,103,0,1016738879000
202405,144,142,0,31596802000
202405,144,154,0,69766329000
202405,144,149,0,344624762000
202405,144,148,0,297752374000
202405,144,112,0,12217005000
202405,144,141,0,18900505000
202405,144,104,0,1736373000
202405,144,147,0,1905578000
202405,144,155,0,13649567000
202405,144,156,0,18663350000
202405,144,116,0,6475943000
202405,144,118,0,434069195000
202405,144,153,0,202210765000
202405,144,138,0,27865771000
202405,144,113,0,416388843000
202405,144,152,0,365196186000
202405,144,132,0,60877806000
202405,144,109,0,24326442000
202405,144,139,0,96179635000
202405,144,159,0,10118949000
202405,144,143,0,12870089000
202405,144,160,0,293006137000
202405,144,150,0,126929413000
202405,144,122,0,43644281000
202405,144,101,0,479296000
202405,144,123,0,1151749000
202405,144,136,0,85294498000
202405,144,140,0,55002575000
202405,144,131,0,27216115000
202405,144,157,0,5850349000
202405,144,134,0,364227790000
202405,144,102,0,43586784000
202405,144,100,0,44368617000
202405,144,146,0,719335000
202405,144,110,0,8170680000
202405,144,107,0,6443862000
202405,144,115,0,47906740000
202405,144,120,0,66925542000
202405,144,133,0,9407190000
202405,144,127,0,4227775000
202405,144,125,0,23740604000
202405,144,134,4,469264000
202405,144,113,4,172150000
202405,144,152,4,328211000
202405,144,126,4,56030000
202405,144,155,4,138124000
202405,144,109,4,46123000
202405,144,141,4,52717000
202405,144,148,4,396046000
202405,144,160,4,276793000
202405,144,112,4,21824000
202405,144,116,4,1660000
202405,144,151,4,40545000
202405,144,101,4,2450000
202405,144,153,4,10759000
202405,144,107,4,850000
202405,144,103,4,22528000
202405,144,115,4,2340000
202405,144,140,4,133000
202405,144,136,4,2120000
202405,144,125,4,100000
202406,144,151,4,36160000
202406,144,130,4,23829000
202406,144,129,4,530288000
202406,144,134,4,458206000
202406,144,148,4,342669000
202406,144,160,4,251242000
202406,144,147,0,1631503000
202406,144,124,0,105289000
202406,144,106,0,316392000
202406,144,125,0,58419187000
202406,144,136,0,345873671000
202406,144,115,0,29025104000
202406,144,104,0,2426004000
202406,144,156,0,59366854000
202406,144,133,0,6165334000
202406,144,148,0,335163434000
202406,144,100,0,71709501000
202406,144,142,0,33820875000
202406,144,155,0,22182620000
202406,144,112,0,14507987000
202406,144,126,0,34432685000
202406,144,152,0,359818882000
202406,144,136,4,1970000
202406,144,132,4,31976000
202406,144,142,4,50802000
202406,144,118,4,24508000
202406,144,110,4,7860000
202406,144,102,4,48255000
202406,144,138,4,12575000
202406,144,114,0,59929000
202406,144,103,0,1555693591000
202406,144,150,0,128393582000
202406,144,151,0,874034629000
202406,144,129,0,557191022000
202406,144,141,0,12717826000
202406,144,102,0,45218877000
202406,144,101,4,2450000
202406,144,143,4,13765000
202406,144,108,0,24700000
202406,144,122,4,4550000
202406,144,116,4,1160000
202406,144,104,4,1785000
202406,144,140,4,133000
202406,144,111,4,40000
202406,144,107,4,550000
202406,144,125,4,100000
202406,144,103,4,115519000
202406,144,115,4,1744000
202406,144,149,0,345244133000
202406,144,110,0,6886066000
202406,144,159,0,1956223000
202406,144,135,0,1440842000
202406,144,140,0,3173547000
202406,144,107,0,8948222000
202406,144,149,4,442289000
202406,144,112,4,20667000
202406,144,156,4,8650000
202406,144,153,4,7785000
202406,144,100,4,193815000
202406,144,152,4,309201000
202406,144,150,4,99095000
202406,144,126,4,48831000
202406,144,155,4,118863000
202406,144,109,4,31553000
202406,144,131,4,39297000
202406,144,141,4,57257000
202406,144,113,4,167507000
202406,144,127,0,4997678000
202406,144,117,0,304328767000
202406,144,120,0,37641078000
202406,144,122,0,50322609000
202406,144,146,0,811736000
202406,144,113,0,376796524000
202406,144,160,0,305424709000
202406,144,134,0,367835912000
202406,144,139,0,84146845000
202406,144,109,0,33018969000
202406,144,132,0,54252870000
202406,144,131,0,29576648000
202406,144,101,0,1315876000
202406,144,143,0,16042978000
202406,144,118,0,727456097000
202406,144,123,0,1325927000
202406,144,111,0,4318236000
202406,144,153,0,255219735000
202406,144,138,0,14610507000
202406,144,157,0,137547978000
202406,144,116,0,7303007000
202406,144,130,0,18558012000
202406,144,154,0,49434651000
202406,144,145,0,403254000
